collection;deck;question;correct_answer;wrong_answer_1;wrong_answer_2;wrong_answer_3;hint;explanation;level;difficulty;tags;source;cloze_text;accepted_answers;cloze_answers;cloze_word_bank
Droit des contrats informatiques;Chapitre 2 - La protection du logiciel (IP);Quel est le premier objectif de la protection juridique du logiciel ?;Encourager l'innovation;Remplacer le droit des brevets;Supprimer les licences logicielles;Rendre tous les logiciels gratuits;-;La protection juridique encourage l'innovation en garantissant un monopole d'exploitation au créateur. Cela favorise l'investissement en recherche et développement et stimule la créativité.;1;facile;protection|innovation;2.1 - Pourquoi protéger le logiciel ?;La protection juridique du logiciel vise notamment à {{encourager l'innovation}}.;encourager l'innovation|innovation;encourager l'innovation;encourager l'innovation|Remplacer le droit des brevets|Supprimer les licences logicielles|Rendre tous les logiciels gratuits
Droit des contrats informatiques;Chapitre 2 - La protection du logiciel (IP);Comment la protection juridique favorise-t-elle l'investissement en R&D ?;En garantissant un monopole d'exploitation au créateur;En obligeant le créateur à publier son code source;En supprimant toutes les licences;En rendant le logiciel libre dès sa création;Revois les raisons économiques de la protection.;Le monopole d'exploitation sécurise l'exploitation commerciale du logiciel. Cette exclusivité rend l'investissement en R&D plus attractif.;2;moyen;monopole|r&d;2.1 - Pourquoi protéger le logiciel ?;La protection favorise la R&D par {{un monopole d'exploitation}}.;monopole d'exploitation|un monopole d'exploitation;un monopole d'exploitation;un monopole d'exploitation|En obligeant le créateur à publier son code source|En supprimant toutes les licences|En rendant le logiciel libre dès sa création
Droit des contrats informatiques;Chapitre 2 - La protection du logiciel (IP);Pourquoi le logiciel peut-il être un actif stratégique pour une entreprise ?;Parce qu'il peut représenter une valeur économique importante;Parce qu'il est toujours brevetable;Parce qu'il appartient toujours au client;Parce qu'il est toujours gratuit;-;Un logiciel peut constituer un actif immatériel de grande valeur. Sa protection permet de l'intégrer à la stratégie économique de l'entreprise.;1;facile;actif-immateriel|entreprise;2.1 - Pourquoi protéger le logiciel ?;Un logiciel peut être stratégique car il peut représenter {{une valeur économique importante}}.;valeur économique importante|une valeur économique importante;une valeur économique importante;une valeur économique importante|Parce qu'il est toujours brevetable|Parce qu'il appartient toujours au client|Parce qu'il est toujours gratuit
Droit des contrats informatiques;Chapitre 2 - La protection du logiciel (IP);Quels risques la protection du logiciel cherche-t-elle à prévenir ?;La contrefaçon et le parasitisme;La faillite automatique du créateur;L'obsolescence technique;La perte de tout droit moral;-;Les droits exclusifs empêchent la reproduction ou l'utilisation non autorisée du logiciel. Ils servent donc à prévenir la contrefaçon et le parasitisme.;1;facile;contrefacon|parasitisme;2.1 - Pourquoi protéger le logiciel ?;La protection vise à prévenir {{la contrefaçon et le parasitisme}}.;contrefaçon et parasitisme|la contrefaçon et le parasitisme;la contrefaçon et le parasitisme;la contrefaçon et le parasitisme|La faillite automatique du créateur|L'obsolescence technique|La perte de tout droit moral
Droit des contrats informatiques;Chapitre 2 - La protection du logiciel (IP);Comment le créateur peut-il monétiser son logiciel selon le document ?;Par des licences ou des redevances;Uniquement par un brevet international;Uniquement par la vente du code source;Par une taxe publique automatique;-;La protection permet au créateur d'assurer une juste rémunération. Le document cite les licences et les redevances comme modes de monétisation.;1;facile;licence|redevance|remuneration;2.1 - Pourquoi protéger le logiciel ?;Le créateur peut monétiser son logiciel par {{des licences ou des redevances}}.;licences ou redevances|des licences ou des redevances;des licences ou des redevances;des licences ou des redevances|Uniquement par un brevet international|Uniquement par la vente du code source|Par une taxe publique automatique
Droit des contrats informatiques;Chapitre 2 - La protection du logiciel (IP);Quelle directive européenne fonde principalement la protection des logiciels par le droit d'auteur ?;La directive 2009/24/CE du 23 avril 2009;La directive 96/9/CE;La Convention de Paris;Le RGPD;-;Le document indique que la protection européenne des logiciels par droit d'auteur repose principalement sur la directive 2009/24/CE. Elle concerne la protection juridique des programmes d'ordinateur.;1;facile;directive|droit-auteur;2.2 - Droit d'auteur - Bases légales et nature;La protection européenne du logiciel repose principalement sur {{la directive 2009/24/CE du 23 avril 2009}}.;directive 2009/24/CE|2009/24/CE;la directive 2009/24/CE du 23 avril 2009;la directive 2009/24/CE du 23 avril 2009|La directive 96/9/CE|La Convention de Paris|Le RGPD
Droit des contrats informatiques;Chapitre 2 - La protection du logiciel (IP);Quels articles du CDE belge visent la protection des logiciels par le droit d'auteur ?;Les articles XI.293 à XI.304 CDE;Les articles XI.6 à XI.8 CDE;Les articles 52 à 57 CBE;L'article 6bis de Berne;-;En Belgique, les dispositions relatives à la protection des logiciels par droit d'auteur figurent aux articles XI.293 à XI.304 du Code de droit économique.;1;facile;cde|belgique;2.2 - Droit d'auteur - Bases légales et nature;En Belgique, les logiciels sont protégés aux articles {{XI.293 à XI.304 CDE}}.;XI.293 à XI.304 CDE|articles XI.293 à XI.304;XI.293 à XI.304 CDE;XI.293 à XI.304 CDE|Les articles XI.6 à XI.8 CDE|Les articles 52 à 57 CBE|L'article 6bis de Berne
Droit des contrats informatiques;Chapitre 2 - La protection du logiciel (IP);À quel type d'oeuvre le logiciel est-il assimilé ?;Une oeuvre littéraire;Une invention industrielle;Une marque commerciale;Une topographie de semi-conducteur;-;Le code source est assimilé à un texte écrit. Le logiciel est donc rattaché à l'oeuvre littéraire au sens large.;1;facile;oeuvre-litteraire|logiciel;2.2 - Droit d'auteur - Bases légales et nature;Le logiciel est assimilé à {{une oeuvre littéraire}}.;oeuvre littéraire|une oeuvre littéraire;une oeuvre littéraire;une oeuvre littéraire|Une invention industrielle|Une marque commerciale|Une topographie de semi-conducteur
Droit des contrats informatiques;Chapitre 2 - La protection du logiciel (IP);Quelle convention est à l'origine de cette approche par le droit d'auteur ?;La Convention de Berne de 1886;La Convention sur le brevet européen;La directive 96/9/CE;Le Traité de Rome;-;Le document indique que la protection des logiciels par droit d'auteur trouve son origine dans la Convention de Berne de 1886. Cette approche repose sur l'assimilation du code à un texte écrit.;1;facile;berne|histoire;2.2 - Droit d'auteur - Bases légales et nature;Cette approche trouve son origine dans {{la Convention de Berne de 1886}}.;Convention de Berne|Convention de Berne de 1886;la Convention de Berne de 1886;la Convention de Berne de 1886|La Convention sur le brevet européen|La directive 96/9/CE|Le Traité de Rome
Droit des contrats informatiques;Chapitre 2 - La protection du logiciel (IP);Pourquoi le code source peut-il être rapproché d'un livre ou d'une partition ?;Parce qu'il est un texte écrit composé d'instructions;Parce qu'il est toujours imprimé;Parce qu'il est toujours breveté;Parce qu'il est toujours musical;Revois le cadre juridique général de cette protection.;Le code source est un ensemble d'instructions rédigées dans un langage informatique. Cette forme écrite explique son assimilation à une oeuvre littéraire.;2;moyen;code-source|instructions;2.2 - Droit d'auteur - Bases légales et nature;Le code source est rapproché d'un livre car il est {{un texte écrit composé d'instructions}}.;texte écrit composé d'instructions|instructions écrites;un texte écrit composé d'instructions;un texte écrit composé d'instructions|Parce qu'il est toujours imprimé|Parce qu'il est toujours breveté|Parce qu'il est toujours musical
Droit des contrats informatiques;Chapitre 2 - La protection du logiciel (IP);Pourquoi l'Europe a-t-elle d'abord écarté la protection principale par brevet pour les logiciels ?;Parce qu'un monopole de 20 ans risquait d'entraver l'innovation;Parce que le brevet est gratuit et automatique;Parce que le brevet protège moins que le droit d'auteur;Parce que les logiciels n'ont aucune valeur économique;Revois le cadre juridique général de cette protection.;Le brevet confère un monopole fort de 20 ans. Dans un secteur logiciel rapide, cette durée peut bloquer les améliorations et concentrer le marché.;2;moyen;brevet|innovation;2.2 - Droit d'auteur - Bases légales et nature;L'Europe a craint qu'un monopole de {{20 ans}} bloque l'innovation logicielle.;20 ans|vingt ans;20 ans;20 ans|Parce que le brevet est gratuit et automatique|Parce que le brevet protège moins que le droit d'auteur|Parce que les logiciels n'ont aucune valeur économique
Droit des contrats informatiques;Chapitre 2 - La protection du logiciel (IP);Que sont les brevets trolls dans le document ?;Des sociétés accumulant des brevets sans produire elles-mêmes;Des développeurs publiant leur code en open source;Des juges spécialisés en propriété intellectuelle;Des clients qui achètent des licences;-;Les brevets trolls sont décrits comme des sociétés qui accumulent des brevets sans produire elles-mêmes. Le document les présente comme un frein potentiel au développement logiciel.;1;facile;brevets-trolls|brevet;2.2 - Droit d'auteur - Bases légales et nature;Les brevets trolls accumulent des brevets {{sans produire elles-mêmes}}.;sans produire elles-mêmes|sociétés accumulant des brevets;sans produire elles-mêmes;sans produire elles-mêmes|Des développeurs publiant leur code en open source|Des juges spécialisés en propriété intellectuelle|Des clients qui achètent des licences
Droit des contrats informatiques;Chapitre 2 - La protection du logiciel (IP);Pourquoi un logiciel seul n'est-il généralement pas brevetable en Europe ?;Parce qu'il repose souvent sur des principes mathématiques et algorithmiques;Parce qu'il est toujours sans valeur;Parce qu'il est une marque;Parce qu'il est toujours dans le domaine public;Revois le cadre juridique général de cette protection.;Un brevet protège une solution technique à un problème technique. Un logiciel seul est souvent une suite logique d'instructions reposant sur des principes mathématiques et algorithmiques.;2;moyen;brevet|algorithme;2.2 - Droit d'auteur - Bases légales et nature;Un logiciel seul n'est généralement pas brevetable car il repose sur {{des principes mathématiques et algorithmiques}}.;principes mathématiques et algorithmiques|algorithmes;des principes mathématiques et algorithmiques;des principes mathématiques et algorithmiques|Parce qu'il est toujours sans valeur|Parce qu'il est une marque|Parce qu'il est toujours dans le domaine public
Droit des contrats informatiques;Chapitre 2 - La protection du logiciel (IP);Quel article de la CBE est cité pour l'exclusion des logiciels en tant que tels ?;L'article 52 CBE;L'article 57 CBE;L'article XI.299 CDE;L'article XI.166 CDE;-;Le document cite l'article 52 de la Convention sur le brevet européen. Il exclut notamment les programmes d'ordinateur considérés en tant que tels.;1;facile;cbe|article-52;2.2 - Droit d'auteur - Bases légales et nature;L'exclusion des logiciels en tant que tels est liée à {{l'article 52 CBE}}.;article 52 CBE|52 CBE;l'article 52 CBE;l'article 52 CBE|L'article 57 CBE|L'article XI.299 CDE|L'article XI.166 CDE
Droit des contrats informatiques;Chapitre 2 - La protection du logiciel (IP);Quelle différence le document relève-t-il entre les États-Unis et l'Europe sur les brevets logiciels ?;Les États-Unis ont admis plus largement les brevets logiciels, l'Europe est plus restrictive;L'Europe admet tous les brevets logiciels;Les États-Unis interdisent toute protection;Les deux systèmes refusent toute protection;Revois le cadre juridique général de cette protection.;Le document indique que la jurisprudence américaine a mené à une explosion des brevets logiciels. L'Europe a adopté une approche plus restrictive pour éviter ces dérives.;2;moyen;usa|europe|brevet;2.2 - Droit d'auteur - Bases légales et nature;Les États-Unis ont admis plus largement {{les brevets logiciels}}.;brevets logiciels|les brevets logiciels;les brevets logiciels;les brevets logiciels|L'Europe admet tous les brevets logiciels|Les États-Unis interdisent toute protection|Les deux systèmes refusent toute protection
Droit des contrats informatiques;Chapitre 2 - La protection du logiciel (IP);Quelle est la seule condition de protection d'un logiciel par droit d'auteur ?;L'originalité;La nouveauté;L'utilité technique;Le dépôt officiel;-;Le document insiste sur le fait que l'originalité est la seule condition de protection du logiciel par droit d'auteur. Aucune nouveauté ni utilité technique n'est requise.;1;facile;originalite|condition;2.2 - Droit d'auteur - Conditions et étendue;La seule condition de protection est {{l'originalité}}.;originalité|l'originalité;l'originalité;l'originalité|La nouveauté|L'utilité technique|Le dépôt officiel
Droit des contrats informatiques;Chapitre 2 - La protection du logiciel (IP);Que signifie l'originalité d'un logiciel ?;Qu'il reflète un effort créatif personnel de son auteur;Qu'il soit inédit au monde;Qu'il soit utile industriellement;Qu'il soit déposé à l'OEB;-;L'originalité suppose une création intellectuelle propre à l'auteur. Elle implique un apport personnel et des choix créatifs.;1;facile;originalite|definition;2.2 - Droit d'auteur - Conditions et étendue;Un logiciel est original s'il reflète {{un effort créatif personnel}}.;effort créatif personnel|création intellectuelle propre;un effort créatif personnel;un effort créatif personnel|Qu'il soit inédit au monde|Qu'il soit utile industriellement|Qu'il soit déposé à l'OEB
Droit des contrats informatiques;Chapitre 2 - La protection du logiciel (IP);La nouveauté est-elle nécessaire en droit d'auteur logiciel ?;Non, seule l'originalité est requise;Oui, comme en brevet;Oui, mais seulement pour le code objet;Oui, si le logiciel est vendu;-;Contrairement au brevet, la nouveauté n'est pas exigée. Un logiciel peut être proche d'un autre s'il présente une expression propre.;1;facile;nouveaute|droit-auteur;2.2 - Droit d'auteur - Conditions et étendue;En droit d'auteur logiciel, la nouveauté {{n'est pas requise}}.;n'est pas requise|non;n'est pas requise;n'est pas requise|Oui, comme en brevet|Oui, mais seulement pour le code objet|Oui, si le logiciel est vendu
Droit des contrats informatiques;Chapitre 2 - La protection du logiciel (IP);Un simple script Python peut-il être protégé ?;Oui, s'il résulte d'une création intellectuelle originale;Non, un script court n'est jamais protégé;Oui, seulement s'il est breveté;Non, sauf dépôt officiel;Revois ce qui est protégé et ce qui reste trop standard.;Le document donne l'exemple d'un script Python, comme un convertisseur de devises. Il peut être protégé s'il résulte d'une création intellectuelle originale.;2;moyen;python|originalite;2.2 - Droit d'auteur - Conditions et étendue;Un script Python peut être protégé s'il est une {{création intellectuelle originale}}.;création intellectuelle originale|création originale;création intellectuelle originale;création intellectuelle originale|Non, un script court n'est jamais protégé|Oui, seulement s'il est breveté|Non, sauf dépôt officiel
Droit des contrats informatiques;Chapitre 2 - La protection du logiciel (IP);Quels éléments préparatoires peuvent être protégés avec le logiciel ?;Les diagrammes UML, plans d'architecture et maquettes d'interfaces;Les factures du développeur;Les idées abstraites non exprimées;Les contrats de travail;-;Le matériel de conception préparatoire est inclus dans la protection. Le document cite les diagrammes UML, les plans d'architecture et les maquettes d'interfaces graphiques.;1;facile;materiel-preparatoire|uml;2.2 - Droit d'auteur - Conditions et étendue;Le matériel préparatoire inclut {{les diagrammes UML, plans d'architecture et maquettes d'interfaces}}.;diagrammes UML|plans d'architecture|maquettes d'interfaces;les diagrammes UML, plans d'architecture et maquettes d'interfaces;les diagrammes UML, plans d'architecture et maquettes d'interfaces|Les factures du développeur|Les idées abstraites non exprimées|Les contrats de travail
Droit des contrats informatiques;Chapitre 2 - La protection du logiciel (IP);Quels codes sont protégés par le droit d'auteur logiciel ?;Le code source et le code objet;Uniquement le code source;Uniquement le code objet;Uniquement le pseudocode;-;Le document indique que le code final est protégé, aussi bien le code source que le code objet. Ces éléments sont des formes d'expression du programme.;1;facile;code-source|code-objet;2.2 - Droit d'auteur - Conditions et étendue;Le droit d'auteur protège le {{code source et le code objet}}.;code source et code objet|code source|code objet;code source et le code objet;code source et le code objet|Uniquement le code source|Uniquement le code objet|Uniquement le pseudocode
Droit des contrats informatiques;Chapitre 2 - La protection du logiciel (IP);Quel apport l'auteur doit-il avoir réalisé pour que le logiciel soit original ?;Un apport personnel avec des choix créatifs;Une automatisation standardisée;Une reproduction fidèle d'un modèle;Une publication sur GitHub;-;L'originalité suppose que l'auteur ne s'est pas contenté d'une reproduction ou d'une automatisation standardisée. Il doit avoir fait des choix créatifs personnels.;1;facile;apport-personnel|choix-creatifs;2.2 - Droit d'auteur - Conditions et étendue;L'originalité suppose {{un apport personnel avec des choix créatifs}}.;apport personnel|choix créatifs;un apport personnel avec des choix créatifs;un apport personnel avec des choix créatifs|Une automatisation standardisée|Une reproduction fidèle d'un modèle|Une publication sur GitHub
Droit des contrats informatiques;Chapitre 2 - La protection du logiciel (IP);Un logiciel généré automatiquement à partir d'un modèle sans modification créative est-il protégé ?;Non, car il manque d'apport créatif personnel;Oui, tout logiciel est original;Oui, s'il est utilisé en entreprise;Non, uniquement parce qu'il est inutile;Revois ce qui est protégé et ce qui reste trop standard.;Le document donne cet exemple comme cas non protégé. L'absence de modification créative empêche de satisfaire le critère d'originalité.;2;moyen;automatisation|originalite;2.2 - Droit d'auteur - Conditions et étendue;Un logiciel généré automatiquement sans modification créative manque de {{apport créatif personnel}}.;apport créatif personnel|originalité;apport créatif personnel;apport créatif personnel|Oui, tout logiciel est original|Oui, s'il est utilisé en entreprise|Non, uniquement parce qu'il est inutile
Droit des contrats informatiques;Chapitre 2 - La protection du logiciel (IP);Comment le juge apprécie-t-il l'originalité ?;Au cas par cas, à partir d'indices concrets;Par une formule mathématique;Uniquement selon le prix;Uniquement selon la date de dépôt;Revois ce qui est protégé et ce qui reste trop standard.;Le droit ne fournit pas une définition mathématique de l'originalité. Le juge examine donc le logiciel au cas par cas selon des indices concrets.;2;moyen;juge|originalite;2.2 - Droit d'auteur - Conditions et étendue;Le juge apprécie l'originalité {{au cas par cas}}.;au cas par cas|indices concrets;au cas par cas;au cas par cas|Par une formule mathématique|Uniquement selon le prix|Uniquement selon la date de dépôt
Droit des contrats informatiques;Chapitre 2 - La protection du logiciel (IP);Quel indice peut résulter de l'analyse du code source et de l'architecture ?;Des choix uniques et subjectifs plutôt que des solutions logiques évidentes;Le nombre exact de lignes de code;Le prix de vente;Le nom commercial du logiciel;Revois ce qui est protégé et ce qui reste trop standard.;Le juge peut comparer le code source à des programmes similaires. Des choix uniques et subjectifs plaident pour l'originalité, contrairement aux solutions standardisées évidentes.;2;moyen;code-source|architecture|juge;2.2 - Droit d'auteur - Conditions et étendue;L'analyse du code cherche des {{choix uniques et subjectifs}}.;choix uniques et subjectifs|effort créatif;choix uniques et subjectifs;choix uniques et subjectifs|Le nombre exact de lignes de code|Le prix de vente|Le nom commercial du logiciel
Droit des contrats informatiques;Chapitre 2 - La protection du logiciel (IP);L'originalité peut-elle se trouver ailleurs que dans le code pur ?;Oui, dans la structure, l'agencement ou l'interface du logiciel;Non, uniquement dans le code;Oui, seulement dans le logo;Non, uniquement dans la nouveauté;Revois ce qui est protégé et ce qui reste trop standard.;L'originalité ne se trouve pas forcément dans le code pur. Elle peut aussi résulter de l'organisation du logiciel, de son agencement ou de son interface graphique.;2;moyen;structure|interface|originalite;2.2 - Droit d'auteur - Conditions et étendue;L'originalité peut aussi se trouver dans {{la structure, l'agencement ou l'interface}}.;structure|agencement|interface;la structure, l'agencement ou l'interface;la structure, l'agencement ou l'interface|Non, uniquement dans le code|Oui, seulement dans le logo|Non, uniquement dans la nouveauté
Droit des contrats informatiques;Chapitre 2 - La protection du logiciel (IP);Dans quel cas une interface graphique peut-elle être protégée ?;Si elle reflète un effort créatif;Si elle contient seulement un menu générique;Si elle est copiée d'un modèle;Si elle est stockée sur serveur;-;Une interface graphique peut être protégée si elle traduit un effort créatif. Un simple menu déroulant générique ne suffit pas.;1;facile;interface|effort-creatif;2.2 - Droit d'auteur - Conditions et étendue;Une interface graphique est protégée si elle reflète {{un effort créatif}}.;effort créatif|créativité;un effort créatif;un effort créatif|Si elle contient seulement un menu générique|Si elle est copiée d'un modèle|Si elle est stockée sur serveur
Droit des contrats informatiques;Chapitre 2 - La protection du logiciel (IP);Pourquoi un site e-commerce créé avec un CMS sans modification n'est-il pas original ?;Parce qu'il utilise des composants connus sans personnalisation créative;Parce qu'un site e-commerce n'est jamais protégé;Parce qu'un CMS est toujours breveté;Parce qu'il n'a pas été vendu dans l'UE;Revois ce qui est protégé et ce qui reste trop standard.;Le document oppose le simple assemblage de composants connus au travail d'adaptation et de personnalisation. Sans modification créative, l'originalité fait défaut.;2;moyen;cms|site-ecommerce;2.2 - Droit d'auteur - Conditions et étendue;Un site CMS sans modification manque de {{personnalisation créative}}.;personnalisation créative|personnalisation;personnalisation créative;personnalisation créative|Parce qu'un site e-commerce n'est jamais protégé|Parce qu'un CMS est toujours breveté|Parce qu'il n'a pas été vendu dans l'UE
Droit des contrats informatiques;Chapitre 2 - La protection du logiciel (IP);Pourquoi un plugin WordPress personnalisé peut-il être original ?;Parce qu'il peut contenir des fonctionnalités uniques;Parce que WordPress rend tout brevetable;Parce qu'un plugin appartient toujours au client;Parce qu'il est nécessairement long;-;Un plugin WordPress personnalisé peut traduire un effort créatif s'il contient des fonctionnalités uniques. C'est l'adaptation personnelle qui peut fonder l'originalité.;1;facile;wordpress|plugin;2.2 - Droit d'auteur - Conditions et étendue;Un plugin WordPress personnalisé peut être original s'il contient {{des fonctionnalités uniques}}.;fonctionnalités uniques|des fonctionnalités uniques;des fonctionnalités uniques;des fonctionnalités uniques|Parce que WordPress rend tout brevetable|Parce qu'un plugin appartient toujours au client|Parce qu'il est nécessairement long
Droit des contrats informatiques;Chapitre 2 - La protection du logiciel (IP);Quelles formes d'expression du logiciel sont protégées ?;Le code, l'architecture originale, l'interface créative, les manuels et documentations;Les idées abstraites et principes;Les fonctionnalités et formats de fichiers seuls;Les méthodes mathématiques pures;Revois ce qui est protégé et ce qui reste trop standard.;La protection couvre les formes d'expression du logiciel. Le document cite le code source et objet, l'architecture originale, l'interface créative et les manuels ou documentations.;2;moyen;etendue|expression;2.2 - Droit d'auteur - Conditions et étendue;Sont protégés : {{le code, l'architecture originale, l'interface créative, les manuels et documentations}}.;code|architecture originale|interface créative|manuels;le code, l'architecture originale, l'interface créative, les manuels et documentations;le code, l'architecture originale, l'interface créative, les manuels et documentations|Les idées abstraites et principes|Les fonctionnalités et formats de fichiers seuls|Les méthodes mathématiques pures
Droit des contrats informatiques;Chapitre 2 - La protection du logiciel (IP);Les manuels et documentations peuvent-ils être protégés ?;Oui, en tant qu'oeuvres littéraires;Non, jamais;Oui, uniquement par brevet;Non, sauf s'ils contiennent le code objet;-;Le document cite les manuels et documentations parmi les éléments protégés. Ils peuvent relever de la protection des oeuvres littéraires.;1;facile;documentation|manuel;2.2 - Droit d'auteur - Conditions et étendue;Les manuels et documentations peuvent être protégés comme {{oeuvres littéraires}}.;oeuvres littéraires|oeuvre littéraire;oeuvres littéraires;oeuvres littéraires|Non, jamais|Oui, uniquement par brevet|Non, sauf s'ils contiennent le code objet
Droit des contrats informatiques;Chapitre 2 - La protection du logiciel (IP);Quelle affaire CJUE a clarifié la non-protection des fonctionnalités, langages de programmation et formats de fichiers ?;SAS Institute c. World Programming Ltd;Top System c. Etat belge;Daily Mail;Polbud;-;L'arrêt SAS Institute c. World Programming Ltd du 2 mai 2012 clarifie plusieurs limites de la protection des programmes d'ordinateur. Il distingue les formes d'expression protégées des éléments fonctionnels non protégés.;1;facile;sas-institute|cjue;2.2 - Droit d'auteur - SAS Institute et éléments non protégés;L'affaire {{SAS Institute c. World Programming Ltd}} clarifie ces limites.;SAS Institute|SAS Institute c. World Programming Ltd;SAS Institute c. World Programming Ltd;SAS Institute c. World Programming Ltd|Top System c. Etat belge|Daily Mail|Polbud
Droit des contrats informatiques;Chapitre 2 - La protection du logiciel (IP);Selon SAS Institute, la fonctionnalité d'un programme est-elle protégée par droit d'auteur ?;Non, elle n'est pas une forme d'expression protégée;Oui, toujours;Oui, si elle est utile;Oui, si elle est commerciale;Revois la limite entre expression protégée et élément fonctionnel.;La CJUE a jugé qu'une fonctionnalité de programme ne constitue pas une forme d'expression protégée. Le droit d'auteur protège l'expression du programme, pas la fonction comme telle.;2;moyen;fonctionnalite|non-protection;2.2 - Droit d'auteur - SAS Institute et éléments non protégés;La fonctionnalité d'un programme {{n'est pas une forme d'expression protégée}}.;non|pas protégée|n'est pas protégée;n'est pas une forme d'expression protégée;n'est pas une forme d'expression protégée|Oui, toujours|Oui, si elle est utile|Oui, si elle est commerciale
Droit des contrats informatiques;Chapitre 2 - La protection du logiciel (IP);Selon SAS Institute, un langage de programmation est-il protégé par droit d'auteur comme forme d'expression du programme ?;Non;Oui, toujours;Oui, s'il est utilisé dans l'UE;Oui, s'il est mentionné dans un contrat;-;La CJUE considère que le langage de programmation ne constitue pas une forme d'expression protégée du programme. Cela évite de monopoliser un outil de programmation.;1;facile;langage-programmation|non-protection;2.2 - Droit d'auteur - SAS Institute et éléments non protégés;Un langage de programmation {{n'est pas protégé}} comme expression du programme.;non|n'est pas protégé|pas protégé;n'est pas protégé;n'est pas protégé|Oui, toujours|Oui, s'il est utilisé dans l'UE|Oui, s'il est mentionné dans un contrat
Droit des contrats informatiques;Chapitre 2 - La protection du logiciel (IP);Selon SAS Institute, les formats de fichiers de données sont-ils protégés comme formes d'expression ?;Non;Oui, toujours;Oui, s'ils sont utiles;Oui, s'ils sont stockés en RAM;Revois la limite entre expression protégée et élément fonctionnel.;Les formats de fichiers de données utilisés pour exploiter certaines fonctions ne constituent pas une forme d'expression protégée. Ils ne sont donc pas protégés par droit d'auteur en tant que tels.;2;moyen;formats-fichiers|non-protection;2.2 - Droit d'auteur - SAS Institute et éléments non protégés;Les formats de fichiers de données {{ne sont pas protégés}} comme formes d'expression.;non|ne sont pas protégés;ne sont pas protégés;ne sont pas protégés|Oui, toujours|Oui, s'ils sont utiles|Oui, s'ils sont stockés en RAM
Droit des contrats informatiques;Chapitre 2 - La protection du logiciel (IP);Quelle distinction générale illustre la pyramide du document ?;L'expression du programme peut être protégée, l'idée ou le principe ne l'est pas;L'idée est protégée mais le code ne l'est pas;Tout élément logiciel est protégé;Seule la fonctionnalité est protégée;Revois la limite entre expression protégée et élément fonctionnel.;La pyramide montre une gradation entre les éléments exprimés du programme et les idées ou principes. Les formes d'expression comme le code peuvent être protégées, tandis que les idées et principes ne le sont pas.;2;moyen;idee-expression|pyramide;2.2 - Droit d'auteur - SAS Institute et éléments non protégés;La pyramide montre que {{l'expression peut être protégée mais l'idée ne l'est pas}}.;expression protégée, idée non protégée|idée non protégée;l'expression peut être protégée mais l'idée ne l'est pas;l'expression peut être protégée mais l'idée ne l'est pas|L'idée est protégée mais le code ne l'est pas|Tout élément logiciel est protégé|Seule la fonctionnalité est protégée
Droit des contrats informatiques;Chapitre 2 - La protection du logiciel (IP);Les idées et principes à la base des interfaces sont-ils protégés par droit d'auteur ?;Non;Oui, comme le code source;Oui, comme oeuvre littéraire;Oui, pendant 10 ans;-;Le document précise que les idées et principes à la base de tout élément du programme, y compris ceux à la base de ses interfaces, ne sont pas protégés par droit d'auteur.;1;facile;idees|interfaces;2.2 - Droit d'auteur - SAS Institute et éléments non protégés;Les idées et principes à la base des interfaces {{ne sont pas protégés}}.;non|ne sont pas protégés|pas protégés;ne sont pas protégés;ne sont pas protégés|Oui, comme le code source|Oui, comme oeuvre littéraire|Oui, pendant 10 ans
Droit des contrats informatiques;Chapitre 2 - La protection du logiciel (IP);Qui est en principe l'auteur d'un programme d'ordinateur ?;La personne physique qui a réellement créé le code;La société qui vend le logiciel;Le client qui a commandé le logiciel;L'utilisateur qui installe le programme;-;Le document indique que l'auteur du programme est la personne physique qui a créé le code. Une société peut détenir des droits patrimoniaux, mais elle n'est pas l'auteur au sens strict.;1;facile;auteur|personne-physique;2.2 - Droit d'auteur - Titularité;L'auteur d'un programme est {{la personne physique qui a réellement créé le code}}.;personne physique|développeur|créateur humain;la personne physique qui a réellement créé le code;la personne physique qui a réellement créé le code|La société qui vend le logiciel|Le client qui a commandé le logiciel|L'utilisateur qui installe le programme
Droit des contrats informatiques;Chapitre 2 - La protection du logiciel (IP);Une société peut-elle être l'auteur d'un logiciel au sens strict ?;Non, l'auteur est toujours une personne physique;Oui, si elle finance le logiciel;Oui, si elle emploie le développeur;Oui, si le logiciel porte son nom;-;L'auteur est toujours un être humain. La société peut cependant devenir titulaire des droits patrimoniaux par contrat ou par présomption dans le cadre salarié.;1;facile;auteur|societe;2.2 - Droit d'auteur - Titularité;Une société ne peut pas être auteur car l'auteur est toujours {{une personne physique}}.;personne physique|un être humain;une personne physique;une personne physique|Oui, si elle finance le logiciel|Oui, si elle emploie le développeur|Oui, si le logiciel porte son nom
Droit des contrats informatiques;Chapitre 2 - La protection du logiciel (IP);Quelle exception existe pour les logiciels créés par un employé dans ses fonctions ?;Une présomption de cession des droits patrimoniaux à l'employeur;Une absence totale de protection;Une titularité automatique du client;Une obligation de dépôt notarié;Revois qui crée, qui détient et dans quel cadre.;Pour les logiciels créés par un employé dans l'exercice de ses fonctions, la loi présume une cession des droits patrimoniaux à l'employeur. L'employé reste l'auteur humain.;2;moyen;employe|employeur|cession;2.2 - Droit d'auteur - Titularité;Pour le salarié, il existe {{une présomption de cession des droits patrimoniaux à l'employeur}}.;présomption de cession à l'employeur|cession à l'employeur;une présomption de cession des droits patrimoniaux à l'employeur;une présomption de cession des droits patrimoniaux à l'employeur|Une absence totale de protection|Une titularité automatique du client|Une obligation de dépôt notarié
Droit des contrats informatiques;Chapitre 2 - La protection du logiciel (IP);Dans l'exemple de Sophie freelance, qui reste titulaire sans clause de transfert ?;Sophie;La PME cliente;L'Etat belge;L'hébergeur du logiciel;-;Le document explique que la développeuse freelance reste titulaire si aucun contrat ne prévoit le transfert des droits. La commande du logiciel ne suffit pas à transférer les droits.;1;facile;freelance|cession;2.2 - Droit d'auteur - Titularité;Sans clause de transfert, {{Sophie}} reste titulaire du droit d'auteur.;Sophie|la développeuse freelance;Sophie;Sophie|La PME cliente|L'Etat belge|L'hébergeur du logiciel
Droit des contrats informatiques;Chapitre 2 - La protection du logiciel (IP);Que se passe-t-il si Sophie est salariée et que le logiciel entre dans ses fonctions normales ?;Les droits patrimoniaux reviennent automatiquement à l'employeur;Sophie conserve toujours tous les droits patrimoniaux;La PME cliente devient auteur;Le logiciel tombe dans le domaine public;Revois qui crée, qui détient et dans quel cadre.;Dans le cas salarié, les droits patrimoniaux sont présumés cédés à l'employeur lorsque le logiciel est créé dans les fonctions normales. Cela ne retire pas la qualité d'auteur humain à la salariée.;2;moyen;salarie|droits-patrimoniaux;2.2 - Droit d'auteur - Titularité;Dans ce cas, les droits patrimoniaux {{reviennent automatiquement à l'employeur}}.;reviennent automatiquement à l'employeur|sont transférés à l'employeur;reviennent automatiquement à l'employeur;reviennent automatiquement à l'employeur|Sophie conserve toujours tous les droits patrimoniaux|La PME cliente devient auteur|Le logiciel tombe dans le domaine public
Droit des contrats informatiques;Chapitre 2 - La protection du logiciel (IP);La présomption de cession s'applique-t-elle au gérant statutaire non salarié ?;Non, car il n'est pas lié par un contrat de travail;Oui, toujours;Oui, si la société finance le logiciel;Oui, si le logiciel est utile à la société;Revois qui crée, qui détient et dans quel cadre.;Le document précise que le gérant statutaire n'est pas salarié. La présomption de cession propre au contrat de travail ne s'applique donc pas.;2;moyen;gerant|mandataire;2.2 - Droit d'auteur - Titularité;La présomption ne s'applique pas au gérant car il est {{mandataire statutaire et non salarié}}.;mandataire statutaire|non salarié|pas salarié;mandataire statutaire et non salarié;mandataire statutaire et non salarié|Oui, toujours|Oui, si la société finance le logiciel|Oui, si le logiciel est utile à la société
Droit des contrats informatiques;Chapitre 2 - La protection du logiciel (IP);Dans l'exemple de Marc gérant-développeur, qui conserve la titularité du droit d'auteur ?;Marc;La startup automatiquement;Les investisseurs;Le premier client;-;Marc a développé lui-même l'application en tant que gérant statutaire non salarié. Il conserve donc la titularité du droit d'auteur, même si la société a un intérêt économique dans le logiciel.;1;facile;gerant|startup;2.2 - Droit d'auteur - Titularité;Dans l'exemple, {{Marc}} conserve la titularité du droit d'auteur.;Marc|le gérant;Marc;Marc|La startup automatiquement|Les investisseurs|Le premier client
Droit des contrats informatiques;Chapitre 2 - La protection du logiciel (IP);Que doit faire la société pour exploiter ou transférer un logiciel développé par son gérant non salarié ?;Signer un contrat de cession avec lui;Attendre 20 ans;Déposer le logiciel à l'OEB;Revendre une licence hors UE;Revois qui crée, qui détient et dans quel cadre.;Comme la société ne bénéficie pas de la présomption de cession, elle doit obtenir une cession signée. Sans contrat, elle ne peut pas exploiter ou transférer librement le logiciel.;2;moyen;gerant|cession;2.2 - Droit d'auteur - Titularité;La société doit obtenir {{un contrat de cession signé}} avec le gérant.;contrat de cession signé|cession signée;un contrat de cession signé;un contrat de cession signé|Attendre 20 ans|Déposer le logiciel à l'OEB|Revendre une licence hors UE
Droit des contrats informatiques;Chapitre 2 - La protection du logiciel (IP);Quelle différence existe entre auteur et titulaire des droits patrimoniaux ?;L'auteur est le créateur humain, les droits patrimoniaux peuvent être cédés;L'auteur est toujours la société;Les deux notions sont identiques;Le titulaire est seulement l'utilisateur final;Revois qui crée, qui détient et dans quel cadre.;Être auteur ne signifie pas forcément détenir les droits patrimoniaux. L'auteur est la personne physique créatrice, tandis que les droits d'exploitation peuvent être transférés.;2;moyen;auteur|titulaire|distinction;2.2 - Droit d'auteur - Titularité;L'auteur est {{le créateur humain}}, tandis que les droits patrimoniaux peuvent être cédés.;créateur humain|personne physique;le créateur humain;le créateur humain|L'auteur est toujours la société|Les deux notions sont identiques|Le titulaire est seulement l'utilisateur final
Droit des contrats informatiques;Chapitre 2 - La protection du logiciel (IP);Dans l'exemple de Claire salariée, qui peut agir en contrefaçon et licencier le logiciel ?;La société titulaire des droits patrimoniaux;Claire uniquement;Le client final;Aucun acteur;Revois qui crée, qui détient et dans quel cadre.;Claire reste l'auteure, mais les droits patrimoniaux sont automatiquement transférés à l'employeur. C'est donc la société qui peut exploiter le logiciel, le vendre, le licencier ou agir en contrefaçon.;2;moyen;salarie|contrefacon;2.2 - Droit d'auteur - Titularité;Dans l'exemple de Claire, c'est {{la société titulaire des droits patrimoniaux}} qui agit en contrefaçon.;la société|l'employeur|société titulaire;la société titulaire des droits patrimoniaux;la société titulaire des droits patrimoniaux|Claire uniquement|Le client final|Aucun acteur
Droit des contrats informatiques;Chapitre 2 - La protection du logiciel (IP);Un logiciel développé sur commande par un freelance transfère-t-il automatiquement les droits au client ?;Non, il faut une cession expressément prévue au contrat;Oui, toujours;Oui, dès paiement du prix;Oui, si le client est une société;Revois qui crée, qui détient et dans quel cadre.;Le document insiste sur l'absence de transfert automatique dans les relations avec un freelance ou prestataire externe. Le client devient titulaire seulement si une cession est prévue au contrat.;2;moyen;commande|freelance;2.2 - Droit d'auteur - Titularité;Un logiciel sur commande ne transfère les droits que si {{une cession est expressément prévue au contrat}}.;cession expresse|clause de cession;une cession est expressément prévue au contrat;une cession est expressément prévue au contrat|Oui, toujours|Oui, dès paiement du prix|Oui, si le client est une société
Droit des contrats informatiques;Chapitre 2 - La protection du logiciel (IP);Dans l'exemple d'Alex indépendant, que ne peut pas faire la société Z sans clause de cession ?;Revendre ou modifier l'application sans autorisation;Utiliser le logiciel conformément au contrat;Payer la prestation convenue;Demander une facture;Revois qui crée, qui détient et dans quel cadre.;Sans clause de cession, Alex reste titulaire des droits d'auteur. La société Z ne peut donc pas revendre ou modifier l'application sans son autorisation.;2;moyen;freelance|autorisation;2.2 - Droit d'auteur - Titularité;Sans clause, la société Z ne peut pas {{revendre ou modifier l'application sans autorisation}}.;revendre sans autorisation|modifier sans autorisation;revendre ou modifier l'application sans autorisation;revendre ou modifier l'application sans autorisation|Utiliser le logiciel conformément au contrat|Payer la prestation convenue|Demander une facture
Droit des contrats informatiques;Chapitre 2 - La protection du logiciel (IP);Quelle question clé se pose quand plusieurs développeurs codent ensemble ?;Les contributions de chacun sont-elles identifiables ?;Qui a l'ordinateur le plus puissant ?;La vente a-t-elle eu lieu hors UE ?;Le logiciel est-il écrit en Python ?;Revois qui crée, qui détient et dans quel cadre.;"Le document explique que la répartition des droits dépend de l'identifiabilité des contributions. Si elles sont identifiables, chacun garde ses droits propres ; sinon, une cotitularité peut exister.";2;moyen;collaboration|contributions;2.2 - Droit d'auteur - Titularité;La question clé est : {{les contributions de chacun sont-elles identifiables ?}};contributions identifiables|identifiabilité;les contributions de chacun sont-elles identifiables ?;les contributions de chacun sont-elles identifiables ?|Qui a l'ordinateur le plus puissant ?|La vente a-t-elle eu lieu hors UE ?|Le logiciel est-il écrit en Python ?
Droit des contrats informatiques;Chapitre 2 - La protection du logiciel (IP);Que se passe-t-il si les contributions des développeurs sont identifiables ?;Chacun est titulaire de ses propres droits;Tous les droits appartiennent au client;Le logiciel n'est pas protégé;Le premier développeur prend tout;Revois qui crée, qui détient et dans quel cadre.;Lorsque les contributions sont identifiables, chaque développeur conserve les droits sur sa propre contribution. Il n'y a pas forcément une cotitularité indifférenciée.;2;moyen;contributions|droits;2.2 - Droit d'auteur - Titularité;Si les contributions sont identifiables, {{chacun est titulaire de ses propres droits}}.;chacun est titulaire de ses droits|droits propres;chacun est titulaire de ses propres droits;chacun est titulaire de ses propres droits|Tous les droits appartiennent au client|Le logiciel n'est pas protégé|Le premier développeur prend tout
Droit des contrats informatiques;Chapitre 2 - La protection du logiciel (IP);Que se passe-t-il si les contributions ne sont pas identifiables ?;On parle d'oeuvre de collaboration avec cotitularité des droits;Le logiciel tombe dans le domaine public;Le client devient auteur;Le premier développeur prend tous les droits;Revois qui crée, qui détient et dans quel cadre.;Si les contributions ne peuvent pas être identifiées séparément, le document parle d'oeuvre de collaboration. Les droits sont alors cotitulaires.;2;moyen;oeuvre-collaboration|cotitularite;2.2 - Droit d'auteur - Titularité;Si les contributions ne sont pas identifiables, il y a {{oeuvre de collaboration avec cotitularité}}.;oeuvre de collaboration|cotitularité;oeuvre de collaboration avec cotitularité;oeuvre de collaboration avec cotitularité|Le logiciel tombe dans le domaine public|Le client devient auteur|Le premier développeur prend tous les droits
Droit des contrats informatiques;Chapitre 2 - La protection du logiciel (IP);Selon l'article XI.168 CDE, comment les droits sont-ils exercés en cas de cotitularité ?;Selon les conventions entre les auteurs;Uniquement par le juge pénal;Automatiquement par le client;Toujours par le développeur principal;-;Le document cite l'article XI.168 CDE. En cas de cotitularité, les droits d'auteur sont exercés selon les conventions conclues entre les auteurs.;1;facile;xi168|cotitularite;2.2 - Droit d'auteur - Titularité;En cotitularité, les droits sont exercés selon {{les conventions entre les auteurs}}.;conventions entre auteurs|accord des auteurs;les conventions entre les auteurs;les conventions entre les auteurs|Uniquement par le juge pénal|Automatiquement par le client|Toujours par le développeur principal
Droit des contrats informatiques;Chapitre 2 - La protection du logiciel (IP);Sans convention entre coauteurs, un auteur peut-il exploiter seul l'oeuvre de collaboration ?;Non, aucun auteur ne peut exploiter l'oeuvre seul;Oui, toujours;Oui, s'il a écrit plus de code;Oui, si l'exploitation est gratuite;Revois qui crée, qui détient et dans quel cadre.;Sans convention, aucun auteur ne peut exploiter seul l'oeuvre de collaboration. La seule exception mentionnée concerne l'action en justice pour défendre ses droits personnels.;2;moyen;cotitularite|exploitation;2.2 - Droit d'auteur - Titularité;Sans convention, aucun coauteur ne peut {{exploiter l'oeuvre seul}}.;exploiter seul|exploitation seule;exploiter l'oeuvre seul;exploiter l'oeuvre seul|Oui, toujours|Oui, s'il a écrit plus de code|Oui, si l'exploitation est gratuite
Droit des contrats informatiques;Chapitre 2 - La protection du logiciel (IP);Quelle est la seule exception permettant à un coauteur d'agir seul sans convention ?;Agir en justice pour défendre ses droits personnels;Vendre toutes les licences;Modifier librement tout le logiciel;Céder l'ensemble des droits;Revois qui crée, qui détient et dans quel cadre.;Le document précise que l'exception permet à un coauteur d'agir en justice pour défendre ses droits personnels. Cela ne l'autorise pas à exploiter seul l'oeuvre commune.;2;moyen;cotitularite|action-justice;2.2 - Droit d'auteur - Titularité;La seule exception est {{agir en justice pour défendre ses droits personnels}}.;agir en justice|défendre ses droits personnels;agir en justice pour défendre ses droits personnels;agir en justice pour défendre ses droits personnels|Vendre toutes les licences|Modifier librement tout le logiciel|Céder l'ensemble des droits
Droit des contrats informatiques;Chapitre 2 - La protection du logiciel (IP);Quelles sont les deux grandes catégories de droits reconnues à l'auteur d'un programme ?;Les droits moraux et les droits patrimoniaux;Les droits fiscaux et administratifs;Les droits réels et personnels;Les droits pénaux et sociaux;-;Le document distingue les droits moraux, liés au lien personnel avec l'oeuvre, et les droits patrimoniaux, liés à l'exploitation économique du programme.;1;facile;droits-moraux|droits-patrimoniaux;2.2 - Droit d'auteur - Droits moraux;L'auteur d'un programme dispose de {{droits moraux et droits patrimoniaux}}.;droits moraux et droits patrimoniaux;droits moraux et droits patrimoniaux;droits moraux et droits patrimoniaux|Les droits fiscaux et administratifs|Les droits réels et personnels|Les droits pénaux et sociaux
Droit des contrats informatiques;Chapitre 2 - La protection du logiciel (IP);Quel droit moral permet à l'auteur d'être identifié comme créateur ?;Le droit d'attribution ou de paternité;Le droit de distribution;Le droit de reproduction;Le droit d'épuisement;-;Le droit d'attribution, aussi appelé droit de paternité, permet à l'auteur d'être identifié comme créateur de l'oeuvre. Le document donne l'exemple du nom du développeur dans la documentation.;1;facile;paternite|attribution;2.2 - Droit d'auteur - Droits moraux;Le droit d'être identifié comme créateur est {{le droit d'attribution ou de paternité}}.;droit d'attribution|droit de paternité;le droit d'attribution ou de paternité;le droit d'attribution ou de paternité|Le droit de distribution|Le droit de reproduction|Le droit d'épuisement
Droit des contrats informatiques;Chapitre 2 - La protection du logiciel (IP);Quel droit moral permet en principe de s'opposer à une modification non autorisée ?;Le droit à l'intégrité;Le droit de distribution;Le droit de sauvegarde;Le droit d'application industrielle;-;Le droit à l'intégrité permet en principe à l'auteur de s'opposer à une modification de son oeuvre. En matière de logiciels, ce droit est toutefois réduit.;1;facile;integrite|droit-moral;2.2 - Droit d'auteur - Droits moraux;Le droit lié aux modifications est {{le droit à l'intégrité}}.;droit à l'intégrité|intégrité;le droit à l'intégrité;le droit à l'intégrité|Le droit de distribution|Le droit de sauvegarde|Le droit d'application industrielle
Droit des contrats informatiques;Chapitre 2 - La protection du logiciel (IP);Quel droit moral supplémentaire existe en droit belge commun selon l'article XI.165 CDE ?;Le droit de divulgation;Le droit de location;Le droit de décompilation;Le droit de brevetabilité;-;Le droit de divulgation permet à l'auteur de décider quand et comment l'oeuvre sera rendue publique. Le document montre ensuite que ce droit n'est pas reconnu de la même manière pour les logiciels.;1;facile;divulgation|xi165;2.2 - Droit d'auteur - Droits moraux;En droit belge commun, l'article XI.165 CDE prévoit {{le droit de divulgation}}.;droit de divulgation|divulgation;le droit de divulgation;le droit de divulgation|Le droit de location|Le droit de décompilation|Le droit de brevetabilité
Droit des contrats informatiques;Chapitre 2 - La protection du logiciel (IP);Les logiciels bénéficient-ils du droit moral de divulgation selon l'article XI.297 CDE ?;Non;Oui, sans limite;Oui, seulement en open source;Oui, si le logiciel est standard;Revois les prérogatives personnelles de l'auteur.;Le droit moral sur les logiciels est régi uniquement par l'article 6bis, §1 de la Convention de Berne. Cela exclut le droit de divulgation pour les programmes d'ordinateur.;2;moyen;divulgation|xi297;2.2 - Droit d'auteur - Droits moraux;En matière de logiciel, il n'y a {{pas de droit de divulgation}}.;pas de droit de divulgation|non;pas de droit de divulgation;pas de droit de divulgation|Oui, sans limite|Oui, seulement en open source|Oui, si le logiciel est standard
Droit des contrats informatiques;Chapitre 2 - La protection du logiciel (IP);Que signifie l'absence de droit de divulgation pour l'auteur d'un logiciel ?;Il ne peut pas décider quand ou comment le logiciel sera rendu public;Il ne peut jamais être nommé;Il perd tous ses droits patrimoniaux;Il peut interdire toute correction;Revois les prérogatives personnelles de l'auteur.;Le document explique que l'auteur du logiciel ne peut pas décider, par droit moral, du moment ou des modalités de la publication. Cette limitation peut avoir des effets patrimoniaux importants.;2;moyen;divulgation|logiciel;2.2 - Droit d'auteur - Droits moraux;L'auteur du logiciel ne peut pas {{décider quand ou comment le logiciel sera rendu public}}.;décider de la publication|choisir la divulgation;décider quand ou comment le logiciel sera rendu public;décider quand ou comment le logiciel sera rendu public|Il ne peut jamais être nommé|Il perd tous ses droits patrimoniaux|Il peut interdire toute correction
Droit des contrats informatiques;Chapitre 2 - La protection du logiciel (IP);Comment le droit à l'intégrité est-il réduit pour les logiciels ?;L'auteur ne peut s'opposer à une modification que si elle porte atteinte à son honneur ou sa réputation;Il peut s'opposer à toute mise à jour;Il disparaît totalement;Il devient un droit de brevet;Revois les prérogatives personnelles de l'auteur.;Pour permettre l'adaptation technique des logiciels, le droit à l'intégrité est limité. L'auteur ne peut agir que si la modification porte atteinte à son honneur ou sa réputation.;2;moyen;integrite|reputation;2.2 - Droit d'auteur - Droits moraux;L'auteur ne peut s'opposer à une modification que si elle atteint {{son honneur ou sa réputation}}.;honneur ou réputation|réputation;son honneur ou sa réputation;son honneur ou sa réputation|Il peut s'opposer à toute mise à jour|Il disparaît totalement|Il devient un droit de brevet
Droit des contrats informatiques;Chapitre 2 - La protection du logiciel (IP);Dans l'exemple de Chloé, quand peut-elle s'opposer aux modifications du logiciel ?;Si elles nuisent à sa réputation, par exemple par des failles de sécurité ou bugs majeurs;Dès qu'une fonctionnalité change;Uniquement si le logiciel est vendu hors UE;Jamais en aucun cas;Revois les prérogatives personnelles de l'auteur.;Chloé ne peut pas s'opposer à de simples adaptations techniques. Elle peut agir si les modifications dénaturent le programme au point de nuire à sa réputation.;2;moyen;integrite|exemple;2.2 - Droit d'auteur - Droits moraux;Chloé peut agir si les modifications nuisent à {{sa réputation}}.;sa réputation|réputation;sa réputation;sa réputation|Dès qu'une fonctionnalité change|Uniquement si le logiciel est vendu hors UE|Jamais en aucun cas
Droit des contrats informatiques;Chapitre 2 - La protection du logiciel (IP);Que dit l'article XI.165 CDE sur une oeuvre non divulguée ?;Elle est insaisissable;Elle est automatiquement brevetée;Elle tombe dans le domaine public;Elle appartient au créancier;-;Le document cite la règle selon laquelle une oeuvre non divulguée est insaisissable. Un créancier ne peut donc pas saisir une oeuvre jamais rendue publique.;1;facile;xi165|insaisissable;2.2 - Droit d'auteur - Droits moraux;Une oeuvre non divulguée est {{insaisissable}}.;insaisissable;insaisissable;insaisissable|Elle est automatiquement brevetée|Elle tombe dans le domaine public|Elle appartient au créancier
Droit des contrats informatiques;Chapitre 2 - La protection du logiciel (IP);Pourquoi l'absence de droit de divulgation peut-elle poser problème dans une start-up en difficulté ?;Parce qu'un logiciel non divulgué peut devenir un actif verrouillé et insaisissable;Parce qu'elle rend tout brevet nul;Parce qu'elle impose la publication du code source;Parce qu'elle supprime la valeur du logiciel;Revois les prérogatives personnelles de l'auteur.;Dans une start-up en difficulté, le logiciel peut être le principal actif. S'il n'a pas été divulgué, son insaisissabilité peut empêcher les créanciers de s'en servir pour se rembourser.;3;avancé;faillite|insaisissable|divulgation;2.2 - Droit d'auteur - Droits moraux;Un logiciel non divulgué peut devenir {{un actif verrouillé et insaisissable}}.;actif verrouillé|insaisissable;un actif verrouillé et insaisissable;un actif verrouillé et insaisissable|Parce qu'elle rend tout brevet nul|Parce qu'elle impose la publication du code source|Parce qu'elle supprime la valeur du logiciel
Droit des contrats informatiques;Chapitre 2 - La protection du logiciel (IP);Quel article du CDE vise les droits patrimoniaux sur les programmes d'ordinateur ?;L'article XI.298 CDE;L'article XI.297 CDE;L'article XI.165 CDE;L'article 52 CBE;-;L'article XI.298 CDE est cité pour les droits patrimoniaux sur les logiciels. Ces droits permettent d'autoriser ou d'interdire certaines utilisations du programme.;1;facile;xi298|droits-patrimoniaux;2.2 - Droit d'auteur - Droits patrimoniaux;Les droits patrimoniaux sont visés par {{l'article XI.298 CDE}}.;article XI.298 CDE|XI.298 CDE;l'article XI.298 CDE;l'article XI.298 CDE|L'article XI.297 CDE|L'article XI.165 CDE|L'article 52 CBE
Droit des contrats informatiques;Chapitre 2 - La protection du logiciel (IP);Quel est le principe général des droits patrimoniaux ?;Le titulaire peut autoriser ou interdire certaines utilisations du logiciel;Tout utilisateur peut modifier librement le logiciel;Le logiciel devient public dès sa création;Le titulaire doit céder le code source;-;Les droits patrimoniaux donnent un droit exclusif d'exploitation. Le titulaire peut autoriser ou interdire certains actes, sauf exceptions légales.;1;facile;exploitation|autorisation;2.2 - Droit d'auteur - Droits patrimoniaux;Les droits patrimoniaux permettent {{d'autoriser ou d'interdire certaines utilisations}}.;autoriser ou interdire|contrôler les utilisations;d'autoriser ou d'interdire certaines utilisations;d'autoriser ou d'interdire certaines utilisations|Tout utilisateur peut modifier librement le logiciel|Le logiciel devient public dès sa création|Le titulaire doit céder le code source
Droit des contrats informatiques;Chapitre 2 - La protection du logiciel (IP);Quelles sont les trois grandes catégories de droits patrimoniaux citées ?;Reproduction, traduction/adaptation/arrangement, distribution;Paternité, intégrité, divulgation;Nouveauté, activité inventive, application industrielle;Dépôt, recherche, octroi;-;Le document énumère le droit de reproduction, le droit de traduction, adaptation et arrangement, et le droit de distribution. Ces droits forment le coeur des droits patrimoniaux sur le logiciel.;1;facile;reproduction|adaptation|distribution;2.2 - Droit d'auteur - Droits patrimoniaux;Les trois droits sont {{reproduction, adaptation/traduction/arrangement et distribution}}.;reproduction|adaptation|distribution;reproduction, adaptation/traduction/arrangement et distribution;reproduction, adaptation/traduction/arrangement et distribution|Paternité, intégrité, divulgation|Nouveauté, activité inventive, application industrielle|Dépôt, recherche, octroi
Droit des contrats informatiques;Chapitre 2 - La protection du logiciel (IP);Que couvre le droit de reproduction ?;Toute copie permanente ou provisoire, en tout ou en partie;Uniquement les copies imprimées;Uniquement les copies vendues dans l'UE;Uniquement les copies de sauvegarde;Revois les actes d'exploitation soumis à autorisation.;Le droit de reproduction couvre la reproduction permanente ou provisoire du programme, en tout ou en partie, par tout moyen et sous toute forme. Il est donc très large.;2;moyen;reproduction|copie;2.2 - Droit d'auteur - Droits patrimoniaux;La reproduction couvre toute copie {{permanente ou provisoire}}.;permanente ou provisoire|provisoire|temporaire;permanente ou provisoire;permanente ou provisoire|Uniquement les copies imprimées|Uniquement les copies vendues dans l'UE|Uniquement les copies de sauvegarde
Droit des contrats informatiques;Chapitre 2 - La protection du logiciel (IP);Pourquoi le chargement en mémoire peut-il relever du droit de reproduction ?;Parce qu'il crée une reproduction provisoire en mémoire;Parce qu'il modifie toujours le code source;Parce qu'il distribue le logiciel;Parce qu'il transforme l'interface;Revois les actes d'exploitation soumis à autorisation.;Le chargement en mémoire, même automatique, crée une reproduction temporaire du programme. Il peut donc relever du droit de reproduction, sauf exception applicable.;2;moyen;ram|reproduction-provisoire;2.2 - Droit d'auteur - Droits patrimoniaux;Le chargement en RAM crée {{une reproduction provisoire}}.;reproduction provisoire|copie temporaire;une reproduction provisoire;une reproduction provisoire|Parce qu'il modifie toujours le code source|Parce qu'il distribue le logiciel|Parce qu'il transforme l'interface
Droit des contrats informatiques;Chapitre 2 - La protection du logiciel (IP);Pourquoi préciser la reproduction provisoire ?;Pour éviter un contournement par exécution à distance sans copie locale permanente;Pour supprimer la copie de sauvegarde;Pour interdire l'usage légitime;Pour rendre le logiciel non protégeable;Revois les actes d'exploitation soumis à autorisation.;La notion empêche de contourner le droit en faisant tourner un logiciel à distance depuis un serveur central. Même sans copie permanente sur les terminaux, l'exécution peut impliquer une reproduction provisoire.;2;moyen;serveur|contournement;2.2 - Droit d'auteur - Droits patrimoniaux;La reproduction provisoire évite le contournement par {{exécution à distance sans copie locale permanente}}.;exécution à distance|serveur central;exécution à distance sans copie locale permanente;exécution à distance sans copie locale permanente|Pour supprimer la copie de sauvegarde|Pour interdire l'usage légitime|Pour rendre le logiciel non protégeable
Droit des contrats informatiques;Chapitre 2 - La protection du logiciel (IP);Que couvre le droit de traduction, adaptation et arrangement ?;Toute transformation du programme et la reproduction du programme transformé;Uniquement la vente de copies;Uniquement la mention du nom;Uniquement la sauvegarde privée;Revois les actes d'exploitation soumis à autorisation.;Ce droit permet au titulaire d'autoriser ou d'interdire la traduction, l'adaptation, l'arrangement ou toute autre transformation du programme. Il couvre aussi la reproduction du programme résultant.;2;moyen;adaptation|transformation;2.2 - Droit d'auteur - Droits patrimoniaux;Le droit d'adaptation couvre {{toute transformation du programme}}.;transformation du programme|adaptation|traduction;toute transformation du programme;toute transformation du programme|Uniquement la vente de copies|Uniquement la mention du nom|Uniquement la sauvegarde privée
Droit des contrats informatiques;Chapitre 2 - La protection du logiciel (IP);Toute modification technique ou linguistique du logiciel est-elle soumise à autorisation en principe ?;Oui;Non, jamais;Oui, seulement hors UE;Non, si elle est rapide;Revois les actes d'exploitation soumis à autorisation.;Le document indique que toute modification du logiciel d'origine, même technique ou linguistique, est soumise à autorisation. Les exceptions légales peuvent toutefois limiter ce principe.;2;moyen;modification|autorisation;2.2 - Droit d'auteur - Droits patrimoniaux;En principe, toute modification du logiciel est {{soumise à autorisation}}.;oui|soumise à autorisation;soumise à autorisation;soumise à autorisation|Non, jamais|Oui, seulement hors UE|Non, si elle est rapide
Droit des contrats informatiques;Chapitre 2 - La protection du logiciel (IP);Qu'est-ce que la localisation d'un logiciel ?;Les ajustements nécessaires pour adapter un logiciel à un pays ou une langue;Le stockage du logiciel sur un disque local;La recherche de l'adresse IP;La première vente dans l'UE;-;La localisation désigne les ajustements nécessaires à l'adaptation d'un logiciel à un pays ou une langue. Elle peut viser la traduction de l'interface, les formats de date ou les devises.;1;facile;localisation|adaptation;2.2 - Droit d'auteur - Droits patrimoniaux;La localisation consiste à adapter un logiciel à {{un pays ou une langue}}.;pays ou langue|langue|pays;un pays ou une langue;un pays ou une langue|Le stockage du logiciel sur un disque local|La recherche de l'adresse IP|La première vente dans l'UE
Droit des contrats informatiques;Chapitre 2 - La protection du logiciel (IP);Que couvre le droit de distribution ?;Toute forme de distribution au public, y compris la location et le prêt;La correction d'erreurs uniquement;La décompilation uniquement;La paternité uniquement;-;Le droit de distribution porte sur toute mise à disposition au public de l'original ou de copies du programme. Il inclut la vente, le téléchargement, la location et le prêt.;1;facile;distribution|location|pret;2.2 - Droit d'auteur - Droits patrimoniaux;La distribution couvre aussi {{la location et le prêt}}.;location et prêt|location|prêt;la location et le prêt;la location et le prêt|La correction d'erreurs uniquement|La décompilation uniquement|La paternité uniquement
Droit des contrats informatiques;Chapitre 2 - La protection du logiciel (IP);Quel est l'objectif du droit de distribution ?;Contrôler la circulation commerciale du logiciel;Supprimer toute revente légale;Créer une preuve de paternité;Transformer le logiciel en brevet;-;Ce droit permet à l'auteur ou au titulaire de contrôler la circulation commerciale du logiciel. Il vise les modalités de mise à disposition des copies au public.;1;facile;distribution|circulation;2.2 - Droit d'auteur - Droits patrimoniaux;Le droit de distribution permet de contrôler {{la circulation commerciale du logiciel}}.;circulation commerciale;la circulation commerciale du logiciel;la circulation commerciale du logiciel|Supprimer toute revente légale|Créer une preuve de paternité|Transformer le logiciel en brevet
Droit des contrats informatiques;Chapitre 2 - La protection du logiciel (IP);Que signifie l'épuisement communautaire ?;Après une première vente consentie dans l'UE, le titulaire ne peut plus s'opposer à la revente de cette copie;Toute vente hors UE épuise le droit;Le titulaire perd tous ses droits sur le code source;Le logiciel tombe immédiatement dans le domaine public;Revois les actes d'exploitation soumis à autorisation.;La première vente d'une copie dans l'Union européenne par le titulaire ou avec son consentement épuise le droit de distribution pour cette copie. Le titulaire ne peut plus interdire sa revente.;3;avancé;epuisement|ue;2.2 - Droit d'auteur - Droits patrimoniaux;Après une première vente consentie dans l'UE, le titulaire ne peut plus {{s'opposer à la revente de cette copie}}.;s'opposer à la revente|interdire la revente;s'opposer à la revente de cette copie;s'opposer à la revente de cette copie|Toute vente hors UE épuise le droit|Le titulaire perd tous ses droits sur le code source|Le logiciel tombe immédiatement dans le domaine public
Droit des contrats informatiques;Chapitre 2 - La protection du logiciel (IP);Quel droit le titulaire conserve-t-il malgré l'épuisement ?;Le droit de contrôler la location ou le prêt;Le droit d'interdire toute revente;Le droit de supprimer la licence;Le droit d'imposer un brevet;Revois les actes d'exploitation soumis à autorisation.;L'épuisement concerne la revente de la copie. Le document précise que le titulaire conserve le droit de contrôler la location ou le prêt, même après la première vente.;3;avancé;epuisement|location|pret;2.2 - Droit d'auteur - Droits patrimoniaux;Malgré l'épuisement, le titulaire contrôle encore {{la location ou le prêt}}.;location ou prêt|location|prêt;la location ou le prêt;la location ou le prêt|Le droit d'interdire toute revente|Le droit de supprimer la licence|Le droit d'imposer un brevet
Droit des contrats informatiques;Chapitre 2 - La protection du logiciel (IP);Pourquoi XpertCompta peut-elle revendre la licence à FinPlus dans l'exemple Lucas ?;Parce que la première vente a eu lieu légalement dans l'UE;Parce que le logiciel n'était pas protégé;Parce que Lucas a perdu son droit moral;Parce que toute licence est mondiale;Revois les actes d'exploitation soumis à autorisation.;La licence perpétuelle a été vendue à une société située dans l'UE. Le droit de distribution est donc épuisé pour cette copie et Lucas ne peut pas s'opposer à la revente.;2;moyen;epuisement|exemple;2.2 - Droit d'auteur - Droits patrimoniaux;La revente est possible car {{la première vente a eu lieu légalement dans l'UE}}.;première vente dans l'UE|vente initiale en UE;la première vente a eu lieu légalement dans l'UE;la première vente a eu lieu légalement dans l'UE|Parce que le logiciel n'était pas protégé|Parce que Lucas a perdu son droit moral|Parce que toute licence est mondiale
Droit des contrats informatiques;Chapitre 2 - La protection du logiciel (IP);Pourquoi Émilie peut-elle s'opposer à la revente vers une entreprise belge dans l'exemple hors UE ?;Parce que la première vente a eu lieu hors de l'UE;Parce que le logiciel était gratuit;Parce que le code source était accessible;Parce que le client américain était salarié;Revois les actes d'exploitation soumis à autorisation.;L'utilisateur américain a acheté la licence via une plateforme aux États-Unis. Comme il n'y a pas eu de première vente dans l'UE, le droit de distribution n'est pas épuisé.;2;moyen;hors-ue|epuisement;2.2 - Droit d'auteur - Droits patrimoniaux;Il n'y a pas d'épuisement car {{la première vente a eu lieu hors de l'UE}}.;vente hors UE|première vente hors UE;la première vente a eu lieu hors de l'UE;la première vente a eu lieu hors de l'UE|Parce que le logiciel était gratuit|Parce que le code source était accessible|Parce que le client américain était salarié
Droit des contrats informatiques;Chapitre 2 - La protection du logiciel (IP);La mise à disposition gratuite, la location ou le prêt restent-ils soumis à autorisation ?;Oui;Non, jamais;Seulement hors UE;Seulement après 20 ans;-;Le document indique que la mise à disposition gratuite, la location et le prêt restent soumis à autorisation. L'épuisement ne couvre pas ces actes.;1;facile;distribution|autorisation;2.2 - Droit d'auteur - Droits patrimoniaux;La mise à disposition gratuite, la location ou le prêt restent {{soumis à autorisation}}.;oui|soumis à autorisation;soumis à autorisation;soumis à autorisation|Non, jamais|Seulement hors UE|Seulement après 20 ans
Droit des contrats informatiques;Chapitre 2 - La protection du logiciel (IP);Quels articles du CDE prévoient les exceptions aux droits patrimoniaux ?;Les articles XI.299 et XI.300 CDE;Les articles XI.293 et XI.304 CDE;Les articles 52 et 57 CBE;L'article 6bis de Berne;-;Le document rattache les exceptions aux droits patrimoniaux aux articles XI.299 et XI.300 CDE. Ces exceptions limitent l'autorisation normalement requise du titulaire.;1;facile;xi299|xi300|exceptions;2.2 - Droit d'auteur - Exceptions aux droits patrimoniaux;Les exceptions sont prévues aux articles {{XI.299 et XI.300 CDE}}.;XI.299 et XI.300 CDE;XI.299 et XI.300 CDE;XI.299 et XI.300 CDE|Les articles XI.293 et XI.304 CDE|Les articles 52 et 57 CBE|L'article 6bis de Berne
Droit des contrats informatiques;Chapitre 2 - La protection du logiciel (IP);Que permet l'usage légitime ?;Les actes nécessaires à l'usage licite du logiciel, y compris la correction d'erreurs;La revente hors UE;La suppression du nom de l'auteur;La commercialisation libre du code source;Revois les exceptions prévues pour l'utilisateur légitime.;L'article XI.299 CDE autorise l'exécution, la reproduction ou la correction du logiciel lorsque ces actes sont nécessaires à son usage licite. La correction d'erreurs est expressément incluse.;2;moyen;usage-legitime|correction;2.2 - Droit d'auteur - Exceptions aux droits patrimoniaux;L'usage légitime inclut {{la correction d'erreurs}}.;correction d'erreurs|corriger des erreurs;la correction d'erreurs;la correction d'erreurs|La revente hors UE|La suppression du nom de l'auteur|La commercialisation libre du code source
Droit des contrats informatiques;Chapitre 2 - La protection du logiciel (IP);Pourquoi l'exception d'usage légitime est-elle nécessaire ?;Parce que l'exécution d'un logiciel implique au minimum une reproduction temporaire en RAM;Parce que lire un livre nécessite une copie;Parce que les logiciels ne sont jamais protégés;Parce qu'elle remplace le droit de distribution;Revois les exceptions prévues pour l'utilisateur légitime.;Pour utiliser un logiciel, une reproduction temporaire en mémoire vive est souvent nécessaire. Sans exception, l'utilisation technique normale d'un logiciel légalement acquis pourrait être une contrefaçon.;2;moyen;usage-legitime|ram;2.2 - Droit d'auteur - Exceptions aux droits patrimoniaux;L'usage légitime existe car l'exécution implique {{une reproduction temporaire en RAM}}.;reproduction temporaire en RAM|RAM;une reproduction temporaire en RAM;une reproduction temporaire en RAM|Parce que lire un livre nécessite une copie|Parce que les logiciels ne sont jamais protégés|Parce qu'elle remplace le droit de distribution
Droit des contrats informatiques;Chapitre 2 - La protection du logiciel (IP);Que permet la copie de sauvegarde ?;Une copie nécessaire à l'utilisation du programme par l'utilisateur légitime;Des copies illimitées;La vente d'une copie;La publication du code source;Revois les exceptions prévues pour l'utilisateur légitime.;L'utilisateur légitime peut faire une copie de sauvegarde si elle est nécessaire à l'utilisation du programme. Cette exception vise à préserver le droit d'usage en cas de problème technique.;2;moyen;backup|copie-sauvegarde;2.2 - Droit d'auteur - Exceptions aux droits patrimoniaux;La copie de sauvegarde autorise {{une copie nécessaire à l'utilisation du programme}}.;copie de sauvegarde|backup;une copie nécessaire à l'utilisation du programme;une copie nécessaire à l'utilisation du programme|Des copies illimitées|La vente d'une copie|La publication du code source
Droit des contrats informatiques;Chapitre 2 - La protection du logiciel (IP);Dans quels cas la copie de sauvegarde préserve-t-elle l'usage ?;Panne matérielle, corruption du fichier original ou besoin de réinstallation;Revente, location et prêt;Publication scientifique;Dépôt auprès de l'OEB;-;Le document cite la panne matérielle, la corruption du fichier original et le besoin de réinstallation. La sauvegarde reste limitée pour éviter les abus.;1;facile;backup|panne|reinstallation;2.2 - Droit d'auteur - Exceptions aux droits patrimoniaux;La sauvegarde sert en cas de {{panne, corruption du fichier ou réinstallation}}.;panne matérielle|corruption|réinstallation;panne, corruption du fichier ou réinstallation;panne, corruption du fichier ou réinstallation|Revente, location et prêt|Publication scientifique|Dépôt auprès de l'OEB
Droit des contrats informatiques;Chapitre 2 - La protection du logiciel (IP);Combien de copies de sauvegarde sont autorisées selon le document ?;Une seule copie;Deux copies;Un nombre illimité;Aucune copie;-;Le document précise qu'une seule copie de sauvegarde est autorisée. La règle protège l'utilisateur légitime tout en limitant les abus.;1;facile;backup|limite;2.2 - Droit d'auteur - Exceptions aux droits patrimoniaux;L'exception de sauvegarde autorise {{une seule copie}}.;une seule copie|1 copie;une seule copie;une seule copie|Deux copies|Un nombre illimité|Aucune copie
Droit des contrats informatiques;Chapitre 2 - La protection du logiciel (IP);Que permet l'observation et l'étude du programme ?;Observer, étudier ou tester le fonctionnement du logiciel sans autorisation préalable;Revendre le logiciel sans limite;Déposer un brevet sur le code d'autrui;Supprimer les droits moraux;Revois les exceptions prévues pour l'utilisateur légitime.;Un utilisateur légitime peut observer, étudier ou tester le fonctionnement du logiciel. Cette exception sert à comprendre les idées ou principes sous-jacents, analyser le comportement et identifier des bugs.;2;moyen;observation|etude;2.2 - Droit d'auteur - Exceptions aux droits patrimoniaux;L'utilisateur légitime peut {{observer, étudier ou tester}} le logiciel.;observer|étudier|tester;observer, étudier ou tester;observer, étudier ou tester|Revendre le logiciel sans limite|Déposer un brevet sur le code d'autrui|Supprimer les droits moraux
Droit des contrats informatiques;Chapitre 2 - La protection du logiciel (IP);Pourquoi l'exception d'observation et d'étude est-elle utile pédagogiquement ?;Elle permet d'analyser le comportement, de comprendre les principes et d'identifier des bugs;Elle autorise la commercialisation;Elle transfère les droits aux étudiants;Elle rend inutile toute licence;Revois les exceptions prévues pour l'utilisateur légitime.;Le document présente cette exception comme très utile en contexte pédagogique et technique. Elle permet une analyse du fonctionnement sans demander l'autorisation du titulaire.;2;moyen;pedagogie|observation;2.2 - Droit d'auteur - Exceptions aux droits patrimoniaux;Cette exception permet {{d'analyser le comportement et comprendre les principes}}.;analyser le comportement|comprendre les principes|identifier des bugs;d'analyser le comportement et comprendre les principes;d'analyser le comportement et comprendre les principes|Elle autorise la commercialisation|Elle transfère les droits aux étudiants|Elle rend inutile toute licence
Droit des contrats informatiques;Chapitre 2 - La protection du logiciel (IP);Que permet l'exception de décompilation pour interopérabilité ?;Reproduire ou traduire le code si c'est indispensable pour obtenir les informations nécessaires à l'interopérabilité;Décompiler pour créer une copie concurrente identique;Revendre le code source obtenu;Supprimer le contrat de licence;Revois les exceptions prévues pour l'utilisateur légitime.;La décompilation peut être autorisée si elle est indispensable pour obtenir les informations nécessaires à l'interopérabilité avec un autre programme. L'exception est finalisée et limitée.;3;avancé;decompilation|interopérabilité;2.2 - Droit d'auteur - Exceptions aux droits patrimoniaux;La décompilation est permise pour obtenir les informations nécessaires à {{l'interopérabilité}}.;interopérabilité|l'interopérabilité;l'interopérabilité;l'interopérabilité|Décompiler pour créer une copie concurrente identique|Revendre le code source obtenu|Supprimer le contrat de licence
Droit des contrats informatiques;Chapitre 2 - La protection du logiciel (IP);Dans l'exemple de Yanis, pourquoi la décompilation peut-elle être autorisée ?;Parce qu'elle vise à rendre son outil compatible avec des fichiers générés par un logiciel fermé;Parce qu'il veut revendre le logiciel original;Parce que tout code objet est libre;Parce que le logiciel original est hors UE;Revois les exceptions prévues pour l'utilisateur légitime.;Yanis veut comprendre la structure des fichiers d'un logiciel fermé pour créer un outil compatible. Les actes sont autorisés uniquement dans le but d'assurer l'interopérabilité.;3;avancé;decompilation|exemple;2.2 - Droit d'auteur - Exceptions aux droits patrimoniaux;Yanis décompile pour assurer {{l'interopérabilité}} avec un autre programme.;interopérabilité;l'interopérabilité;l'interopérabilité|Parce qu'il veut revendre le logiciel original|Parce que tout code objet est libre|Parce que le logiciel original est hors UE
Droit des contrats informatiques;Chapitre 2 - La protection du logiciel (IP);Quelles exceptions sont impératives et ne peuvent jamais être exclues par contrat ?;Copie de sauvegarde, observation/étude du programme, décompilation pour interopérabilité;Distribution, location et prêt;Paternité, intégrité et divulgation;Nouveauté, activité inventive et application industrielle;Revois les exceptions prévues pour l'utilisateur légitime.;Le document précise que ces trois exceptions sont impératives. Une clause contractuelle ne peut pas les supprimer, même si elle tente de le faire.;3;avancé;exceptions-imperatives;2.2 - Droit d'auteur - Exceptions aux droits patrimoniaux;Les exceptions impératives sont {{copie de sauvegarde, observation/étude et décompilation pour interopérabilité}}.;copie de sauvegarde|observation|étude|décompilation;copie de sauvegarde, observation/étude et décompilation pour interopérabilité;copie de sauvegarde, observation/étude et décompilation pour interopérabilité|Distribution, location et prêt|Paternité, intégrité et divulgation|Nouveauté, activité inventive et application industrielle
Droit des contrats informatiques;Chapitre 2 - La protection du logiciel (IP);Que vaut une clause interdisant toute copie, observation ou décompilation du logiciel ?;Elle est nulle pour les exceptions impératives;Elle est toujours valable;Elle transforme le logiciel en brevet;Elle supprime le droit d'auteur;Revois les exceptions prévues pour l'utilisateur légitime.;La clause est nulle et non avenue pour les trois exceptions impératives. L'utilisateur conserve donc ces droits malgré une clause contraire.;3;avancé;clause|nullite;2.2 - Droit d'auteur - Exceptions aux droits patrimoniaux;Une clause contraire aux exceptions impératives est {{nulle et non avenue}}.;nulle|nulle et non avenue|invalide;nulle et non avenue;nulle et non avenue|Elle est toujours valable|Elle transforme le logiciel en brevet|Elle supprime le droit d'auteur
Droit des contrats informatiques;Chapitre 2 - La protection du logiciel (IP);Le code source est-il protégé par droit d'auteur ?;Oui;Non;Seulement s'il est breveté;Seulement s'il est imprimé;-;Le document rappelle que le code source est protégé par droit d'auteur. Sa vente ou son accès ne se déduisent pas automatiquement de la vente du logiciel.;1;facile;code-source|protection;2.2 - Droit d'auteur - Accès aux codes sources;Le code source est {{protégé par droit d'auteur}}.;oui|protégé par droit d'auteur;protégé par droit d'auteur;protégé par droit d'auteur|Non|Seulement s'il est breveté|Seulement s'il est imprimé
Droit des contrats informatiques;Chapitre 2 - La protection du logiciel (IP);La vente d'un logiciel implique-t-elle automatiquement la cession du code source ?;Non;Oui, toujours;Oui, si le logiciel est standard;Oui, si le client est une PME;-;Même si le logiciel est vendu, cela n'implique pas automatiquement une cession des droits sur le code source. Une clause claire est nécessaire.;1;facile;code-source|cession;2.2 - Droit d'auteur - Accès aux codes sources;La vente du logiciel {{n'implique pas automatiquement}} la cession du code source.;non|n'implique pas automatiquement;n'implique pas automatiquement;n'implique pas automatiquement|Oui, toujours|Oui, si le logiciel est standard|Oui, si le client est une PME
Droit des contrats informatiques;Chapitre 2 - La protection du logiciel (IP);Que faut-il pour transférer les droits patrimoniaux sur le code source ?;Une cession écrite et explicite;Une simple facture;Une utilisation pendant 20 ans;Une copie de sauvegarde;Revois les situations où l'accès au code devient utile.;Le document précise qu'une cession écrite et explicite est nécessaire pour transférer les droits sur le code source. Une cession générale ne suffit que si elle le prévoit.;2;moyen;cession|contrat;2.2 - Droit d'auteur - Accès aux codes sources;Le transfert exige {{une cession écrite et explicite}}.;cession écrite et explicite|cession écrite;une cession écrite et explicite;une cession écrite et explicite|Une simple facture|Une utilisation pendant 20 ans|Une copie de sauvegarde
Droit des contrats informatiques;Chapitre 2 - La protection du logiciel (IP);Par quels moyens un client peut-il obtenir un accès au code source ?;Clause contractuelle, escrow agreement ou nécessité pour maintenance en cas de manquement du prestataire;Simple achat du logiciel;Publication sur GitHub;Première vente hors UE;Revois les situations où l'accès au code devient utile.;Le client peut obtenir un droit d'accès par clause spécifique, par escrow agreement ou lorsque l'accès est nécessaire à la maintenance et que le prestataire n'exécute pas ses obligations.;3;avancé;code-source|escrow|maintenance;2.2 - Droit d'auteur - Accès aux codes sources;L'accès peut venir d'une {{clause contractuelle, d'un escrow ou d'une nécessité de maintenance}}.;clause contractuelle|escrow|maintenance;clause contractuelle, d'un escrow ou d'une nécessité de maintenance;clause contractuelle, d'un escrow ou d'une nécessité de maintenance|Simple achat du logiciel|Publication sur GitHub|Première vente hors UE
Droit des contrats informatiques;Chapitre 2 - La protection du logiciel (IP);Qu'est-ce qu'un escrow agreement ?;Un dépôt du code source chez un tiers de confiance;Une licence open source obligatoire;Une procédure pénale;Une demande de brevet européen;-;L'escrow agreement consiste à déposer le code source chez un tiers de confiance. Il peut être activé notamment en cas de faillite ou de manquement du prestataire.;1;facile;escrow|tiers-confiance;2.2 - Droit d'auteur - Accès aux codes sources;Un escrow est {{un dépôt du code source chez un tiers de confiance}}.;dépôt du code source chez un tiers|tiers de confiance;un dépôt du code source chez un tiers de confiance;un dépôt du code source chez un tiers de confiance|Une licence open source obligatoire|Une procédure pénale|Une demande de brevet européen
Droit des contrats informatiques;Chapitre 2 - La protection du logiciel (IP);Quel critère clé détermine souvent le droit d'accès au code source ?;La distinction entre logiciel standard et logiciel spécifique;La gratuité du logiciel;La longueur du code;La nationalité du client;-;Le document présente le droit d'accès comme une question de personnalisation. La distinction centrale est celle entre logiciel standard et logiciel spécifique ou sur mesure.;1;facile;logiciel-standard|logiciel-specifique;2.2 - Droit d'auteur - Accès aux codes sources;Le critère clé est {{logiciel standard vs logiciel spécifique}}.;logiciel standard vs logiciel spécifique|standard et spécifique;logiciel standard vs logiciel spécifique;logiciel standard vs logiciel spécifique|La gratuité du logiciel|La longueur du code|La nationalité du client
Droit des contrats informatiques;Chapitre 2 - La protection du logiciel (IP);Quel est le principe pour un logiciel standard ?;Le client n'a aucun droit d'accès au code source;Le client a toujours un accès illimité;Le code tombe dans le domaine public;Le client devient auteur;Revois les situations où l'accès au code devient utile.;Le tableau indique qu'un logiciel standard ne donne aucun droit d'accès au code source au client. Le code reste la propriété exclusive du concepteur.;2;moyen;logiciel-standard|code-source;2.2 - Droit d'auteur - Accès aux codes sources;Pour un logiciel standard, le client n'a {{aucun droit d'accès au code source}}.;aucun droit d'accès|pas d'accès;aucun droit d'accès au code source;aucun droit d'accès au code source|Le client a toujours un accès illimité|Le code tombe dans le domaine public|Le client devient auteur
Droit des contrats informatiques;Chapitre 2 - La protection du logiciel (IP);Quel est le principe pour un logiciel spécifique ?;Un droit d'accès peut être reconnu au client;Aucun accès n'est jamais possible;Le client devient toujours auteur;Le code est public;Revois les situations où l'accès au code devient utile.;Pour un logiciel spécifique ou sur mesure, un droit d'accès peut être reconnu au client. Cette reconnaissance dépend notamment du contrat, de l'implication du client et du degré de personnalisation.;2;moyen;logiciel-specifique|sur-mesure;2.2 - Droit d'auteur - Accès aux codes sources;Pour un logiciel spécifique, {{un droit d'accès peut être reconnu au client}}.;droit d'accès possible|accès possible;un droit d'accès peut être reconnu au client;un droit d'accès peut être reconnu au client|Aucun accès n'est jamais possible|Le client devient toujours auteur|Le code est public
Droit des contrats informatiques;Chapitre 2 - La protection du logiciel (IP);Selon la doctrine majoritaire, sur quoi repose le droit d'accès au code source d'un logiciel spécifique ?;L'économie générale du contrat;La première vente dans l'UE;Le droit moral de divulgation;La nouveauté du logiciel;Revois les situations où l'accès au code devient utile.;La doctrine majoritaire considère que l'accès découle de l'économie générale du contrat. Le code source devient un élément fonctionnel essentiel du logiciel conçu pour le client.;3;avancé;doctrine|contrat;2.2 - Droit d'auteur - Accès aux codes sources;Selon la doctrine, le droit d'accès découle de {{l'économie générale du contrat}}.;économie générale du contrat;l'économie générale du contrat;l'économie générale du contrat|La première vente dans l'UE|Le droit moral de divulgation|La nouveauté du logiciel
Droit des contrats informatiques;Chapitre 2 - La protection du logiciel (IP);Pourquoi le code source peut-il être un accessoire nécessaire de la prestation principale ?;Parce qu'il est indispensable au logiciel opérationnel conçu pour les besoins propres du client;Parce qu'il est toujours open source;Parce qu'il remplace la documentation;Parce qu'il est plus court que le code objet;Revois les situations où l'accès au code devient utile.;Le document présente le code source comme un accessoire nécessaire de la prestation principale dans le logiciel spécifique. Sans lui, l'usage, la maintenance ou l'évolution peuvent être compromis.;3;avancé;accessoire|prestation;2.2 - Droit d'auteur - Accès aux codes sources;Le code source peut être un accessoire nécessaire car il est indispensable au {{logiciel opérationnel sur mesure}}.;logiciel opérationnel|logiciel sur mesure;logiciel opérationnel sur mesure;logiciel opérationnel sur mesure|Parce qu'il est toujours open source|Parce qu'il remplace la documentation|Parce qu'il est plus court que le code objet
Droit des contrats informatiques;Chapitre 2 - La protection du logiciel (IP);De quoi dépend la reconnaissance judiciaire d'un droit d'accès au code source ?;De l'implication du client dans la conception et du degré de personnalisation;Du seul prix payé;Du langage utilisé;Du nombre d'utilisateurs;Revois les situations où l'accès au code devient utile.;La jurisprudence tend à reconnaître un droit d'accès proportionné à l'implication du client et au degré de personnalisation. Il ne s'agit pas d'un accès automatique dans tous les cas.;3;avancé;jurisprudence|personnalisation;2.2 - Droit d'auteur - Accès aux codes sources;La jurisprudence regarde {{l'implication du client et le degré de personnalisation}}.;implication du client|degré de personnalisation;l'implication du client et le degré de personnalisation;l'implication du client et le degré de personnalisation|Du seul prix payé|Du langage utilisé|Du nombre d'utilisateurs
Droit des contrats informatiques;Chapitre 2 - La protection du logiciel (IP);L'accès au code source ouvre-t-il automatiquement le droit de le commercialiser ?;Non;Oui, toujours;Oui, si le logiciel est spécifique;Oui, après une vente UE;-;Le document souligne que l'accès au code source n'ouvre pas tous les droits. Il ne permet pas automatiquement de reproduire, commercialiser ou diffuser le code.;1;facile;code-source|commercialisation;2.2 - Droit d'auteur - Accès aux codes sources;L'accès au code source {{ne donne pas automatiquement}} le droit de le commercialiser.;non|ne donne pas automatiquement;ne donne pas automatiquement;ne donne pas automatiquement|Oui, toujours|Oui, si le logiciel est spécifique|Oui, après une vente UE
Droit des contrats informatiques;Chapitre 2 - La protection du logiciel (IP);Quels actes ne sont pas automatiquement permis par un simple accès au code source ?;Reproduire, commercialiser ou diffuser le code source;Assurer une maintenance encadrée;Utiliser le logiciel conformément au contrat;Consulter le code dans les limites prévues;Revois les situations où l'accès au code devient utile.;Le droit d'accès ne vaut pas cession générale. Reproduction, commercialisation et diffusion du code restent interdites sans droit ou autorisation spécifique.;2;moyen;code-source|limites;2.2 - Droit d'auteur - Accès aux codes sources;Le simple accès ne permet pas de {{reproduire, commercialiser ou diffuser}} le code source.;reproduire|commercialiser|diffuser;reproduire, commercialiser ou diffuser;reproduire, commercialiser ou diffuser|Assurer une maintenance encadrée|Utiliser le logiciel conformément au contrat|Consulter le code dans les limites prévues
Droit des contrats informatiques;Chapitre 2 - La protection du logiciel (IP);Quelle est la position dominante en droit belge pour la maintenance ou l'adaptation par le client ?;Cela doit être encadré par le contrat;C'est toujours interdit;C'est toujours libre;Cela transfère tous les droits;Revois les situations où l'accès au code devient utile.;Le document admet l'idée d'un usage non commercial pour assurer la continuité de fonctionnement. Mais il précise que la position dominante en droit belge exige un encadrement contractuel.;3;avancé;maintenance|contrat;2.2 - Droit d'auteur - Accès aux codes sources;La maintenance par le client doit être {{encadrée par le contrat}}.;encadrée par le contrat|prévue au contrat;encadrée par le contrat;encadrée par le contrat|C'est toujours interdit|C'est toujours libre|Cela transfère tous les droits
Droit des contrats informatiques;Chapitre 2 - La protection du logiciel (IP);Que prévoit l'article XI.299 en l'absence de dispositions contractuelles particulières ?;Les actes nécessaires à l'utilisation conforme, y compris la correction d'erreurs, ne sont pas soumis à autorisation;Le client obtient tous les droits patrimoniaux;Le code source devient public;Toute adaptation est interdite;Revois les situations où l'accès au code devient utile.;L'article XI.299 permet certains actes de reproduction et d'adaptation nécessaires à l'utilisation conforme du programme. La correction d'erreurs est expressément incluse.;3;avancé;xi299|correction-erreurs;2.2 - Droit d'auteur - Accès aux codes sources;Sans clause particulière, sont permis les actes nécessaires à {{l'utilisation conforme du logiciel}}.;utilisation conforme|correction d'erreurs;l'utilisation conforme du logiciel;l'utilisation conforme du logiciel|Le client obtient tous les droits patrimoniaux|Le code source devient public|Toute adaptation est interdite
Droit des contrats informatiques;Chapitre 2 - La protection du logiciel (IP);Quelle difficulté existe si le licencié n'a pas les codes sources ?;Il ne peut pas exercer effectivement son droit de maintenance et d'évolution;Il devient automatiquement contrefacteur;Il perd sa licence;Il obtient un brevet;Revois les situations où l'accès au code devient utile.;Le document note une difficulté pratique : sans accès aux codes sources, le licencié peut ne pas pouvoir assurer la maintenance ou l'évolution du programme. Le droit d'utilisation devient alors moins effectif.;3;avancé;licencie|maintenance;2.2 - Droit d'auteur - Accès aux codes sources;Sans code source, le licencié ne peut pas exercer effectivement {{son droit de maintenance et d'évolution}}.;maintenance et évolution|droit de maintenance;son droit de maintenance et d'évolution;son droit de maintenance et d'évolution|Il devient automatiquement contrefacteur|Il perd sa licence|Il obtient un brevet
Droit des contrats informatiques;Chapitre 2 - La protection du logiciel (IP);Quel principe la CJUE a-t-elle posé dans Top System c. Etat belge ?;Le licencié peut décompiler le logiciel pour les besoins de sa correction;Le client devient toujours propriétaire du code;La décompilation est toujours interdite;Le logiciel n'est jamais protégé;Revois les situations où l'accès au code devient utile.;La CJUE a admis que le licencié peut procéder à la décompilation pour corriger le logiciel. Cette solution permet de rendre effectives ses prérogatives.;3;avancé;top-system|cjue;2.2 - Droit d'auteur - Accès aux codes sources;Dans Top System, la décompilation est admise pour {{la correction du logiciel}}.;correction du logiciel|corriger le logiciel;la correction du logiciel;la correction du logiciel|Le client devient toujours propriétaire du code|La décompilation est toujours interdite|Le logiciel n'est jamais protégé
Droit des contrats informatiques;Chapitre 2 - La protection du logiciel (IP);Quelle étape supplémentaire la Cour d'appel de Douai a-t-elle franchie en 2022 ?;Elle a confirmé la remise sous astreinte des sources à un licencié voulant assurer lui-même la maintenance;Elle a supprimé le droit d'auteur;Elle a interdit toute maintenance;Elle a imposé un brevet européen;Revois les situations où l'accès au code devient utile.;La Cour d'appel de Douai a confirmé une décision imposant à un éditeur de remettre les sources à son licencié. Le but était de lui permettre d'assurer lui-même la maintenance.;3;avancé;douai|code-source;2.2 - Droit d'auteur - Accès aux codes sources;La Cour de Douai a confirmé la remise des sources pour {{assurer la maintenance}}.;assurer la maintenance|remise des sources;assurer la maintenance;assurer la maintenance|Elle a supprimé le droit d'auteur|Elle a interdit toute maintenance|Elle a imposé un brevet européen
Droit des contrats informatiques;Chapitre 2 - La protection du logiciel (IP);Quelle tendance générale ressort des décisions Top System et Douai ?;Les juridictions font preuve de pragmatisme pour donner aux licenciés les moyens techniques d'exercer leurs droits;Les juridictions refusent toujours l'accès au code;Les juridictions imposent l'open source;Les juridictions remplacent le droit d'auteur par le brevet;Revois les situations où l'accès au code devient utile.;Le document conclut que les juridictions donnent aux licenciés des moyens matériels et techniques d'exercer leurs prérogatives. Il s'agit d'une approche pragmatique.;3;avancé;jurisprudence|pragmatisme;2.2 - Droit d'auteur - Accès aux codes sources;Les juridictions cherchent à rendre les droits des licenciés {{effectifs techniquement}}.;effectifs techniquement|pragmatisme;effectifs techniquement;effectifs techniquement|Les juridictions refusent toujours l'accès au code|Les juridictions imposent l'open source|Les juridictions remplacent le droit d'auteur par le brevet
Droit des contrats informatiques;Chapitre 2 - La protection du logiciel (IP);Quelle est la durée des droits patrimoniaux sur un logiciel ?;70 ans après le décès de l'auteur;20 ans à compter du dépôt;15 ans après création;10 ans après fixation;-;Selon l'article XI.166 CDE, les droits patrimoniaux durent 70 ans après le décès de l'auteur. Cette durée concerne les droits d'exploitation.;1;facile;duree|xi166;2.2 - Droit d'auteur - Durée, sanctions et formalités;Les droits patrimoniaux durent {{70 ans après le décès de l'auteur}}.;70 ans|70 ans après le décès;70 ans après le décès de l'auteur;70 ans après le décès de l'auteur|20 ans à compter du dépôt|15 ans après création|10 ans après fixation
Droit des contrats informatiques;Chapitre 2 - La protection du logiciel (IP);En cas de création collaborative, à partir de quand court le délai de 70 ans ?;À partir de la mort du dernier coauteur survivant;À partir de la première vente UE;À partir du dépôt du brevet;À partir de la première installation;Revois la durée de protection et les moyens d'action.;Pour une création collaborative, la durée court à partir de la mort du dernier coauteur survivant. La règle tient donc compte de tous les coauteurs.;2;moyen;duree|coauteur;2.2 - Droit d'auteur - Durée, sanctions et formalités;En collaboration, le délai court depuis {{la mort du dernier coauteur survivant}}.;mort du dernier coauteur|dernier coauteur survivant;la mort du dernier coauteur survivant;la mort du dernier coauteur survivant|À partir de la première vente UE|À partir du dépôt du brevet|À partir de la première installation
Droit des contrats informatiques;Chapitre 2 - La protection du logiciel (IP);Quelle est la particularité des droits moraux sur la durée ?;Ils sont imprescriptibles mais plus limités pour les logiciels;Ils durent 20 ans;Ils disparaissent à la vente;Ils exigent une taxe annuelle;Revois la durée de protection et les moyens d'action.;Le document précise que les droits moraux sont imprescriptibles. Cependant, leur portée est plus limitée en matière de logiciels.;2;moyen;droits-moraux|imprescriptible;2.2 - Droit d'auteur - Durée, sanctions et formalités;Les droits moraux sont {{imprescriptibles mais limités pour les logiciels}}.;imprescriptibles|portée limitée;imprescriptibles mais limités pour les logiciels;imprescriptibles mais limités pour les logiciels|Ils durent 20 ans|Ils disparaissent à la vente|Ils exigent une taxe annuelle
Droit des contrats informatiques;Chapitre 2 - La protection du logiciel (IP);Qu'est-ce que le délit de contrefaçon selon l'article XI.293 CDE ?;Toute atteinte méchante ou frauduleuse au droit d'auteur;Toute utilisation normale sous licence;Toute copie de sauvegarde;Toute observation du programme;-;Le document définit pénalement la contrefaçon comme une atteinte méchante ou frauduleuse au droit d'auteur. Cette infraction peut viser le logiciel.;1;facile;contrefacon|penal;2.2 - Droit d'auteur - Durée, sanctions et formalités;La contrefaçon est {{toute atteinte méchante ou frauduleuse au droit d'auteur}}.;atteinte méchante ou frauduleuse|contrefaçon;toute atteinte méchante ou frauduleuse au droit d'auteur;toute atteinte méchante ou frauduleuse au droit d'auteur|Toute utilisation normale sous licence|Toute copie de sauvegarde|Toute observation du programme
Droit des contrats informatiques;Chapitre 2 - La protection du logiciel (IP);Quels actes sont cités comme contrefaçon de logiciel ?;Reproduction non autorisée, diffusion de copie illégale ou utilisation consciente d'un programme obtenu illicitement;Copie de sauvegarde, observation et étude;Revente UE après épuisement;Correction d'erreurs par l'utilisateur légitime;Revois la durée de protection et les moyens d'action.;Le document cite la reproduction non autorisée, la diffusion même gratuite d'une copie illégale et l'utilisation consciente d'un programme obtenu illicitement. Ces actes peuvent relever de la contrefaçon.;2;moyen;contrefacon|diffusion;2.2 - Droit d'auteur - Durée, sanctions et formalités;La contrefaçon inclut {{reproduction non autorisée, diffusion illégale ou usage conscient d'un programme illicite}}.;reproduction non autorisée|diffusion illégale|usage conscient;reproduction non autorisée, diffusion illégale ou usage conscient d'un programme illicite;reproduction non autorisée, diffusion illégale ou usage conscient d'un programme illicite|Copie de sauvegarde, observation et étude|Revente UE après épuisement|Correction d'erreurs par l'utilisateur légitime
Droit des contrats informatiques;Chapitre 2 - La protection du logiciel (IP);Quelles sanctions pénales sont prévues en cas de contrefaçon ?;Amende, emprisonnement, saisie du matériel et des copies illicites;Nullité du brevet uniquement;Perte du droit moral;Publication obligatoire du code source;-;Le document cite l'amende, l'emprisonnement et la saisie du matériel et des copies illicites. Ces sanctions sont liées au Code pénal et au CDE.;1;facile;sanctions|penal;2.2 - Droit d'auteur - Durée, sanctions et formalités;Les sanctions pénales sont {{amende, emprisonnement et saisie}}.;amende|emprisonnement|saisie;amende, emprisonnement et saisie;amende, emprisonnement et saisie|Nullité du brevet uniquement|Perte du droit moral|Publication obligatoire du code source
Droit des contrats informatiques;Chapitre 2 - La protection du logiciel (IP);Pourquoi la copie du code source par un ancien développeur peut-elle être une contrefaçon ?;Parce que le code propriétaire est repris sans autorisation;Parce que tout ancien employé est titulaire;Parce que la concurrence est toujours interdite;Parce que le logiciel n'est pas original;Revois la durée de protection et les moyens d'action.;L'exemple vise un ancien développeur qui utilise le code source d'un logiciel propriétaire pour créer un concurrent. Si le code est repris sans autorisation, cela constitue une contrefaçon.;2;moyen;code-source|contrefacon;2.2 - Droit d'auteur - Durée, sanctions et formalités;La reprise est illicite si le code est repris {{sans autorisation}}.;sans autorisation|non autorisé;sans autorisation;sans autorisation|Parce que tout ancien employé est titulaire|Parce que la concurrence est toujours interdite|Parce que le logiciel n'est pas original
Droit des contrats informatiques;Chapitre 2 - La protection du logiciel (IP);Le partage gratuit de copies illégales peut-il être pénalement répréhensible ?;Oui, même sans but lucratif;Non, car il est gratuit;Non, entre membres d'un club;Oui, seulement hors UE;-;Le document donne l'exemple d'un club partageant gratuitement des copies de logiciels propriétaires en connaissance de leur origine illicite. Même sans but lucratif, cela reste répréhensible.;1;facile;gratuit|contrefacon;2.2 - Droit d'auteur - Durée, sanctions et formalités;Le partage gratuit de copies illégales est {{pénalement répréhensible}}.;oui|pénalement répréhensible;pénalement répréhensible;pénalement répréhensible|Non, car il est gratuit|Non, entre membres d'un club|Oui, seulement hors UE
Droit des contrats informatiques;Chapitre 2 - La protection du logiciel (IP);Quel est l'objectif de l'action en cessation ?;Faire cesser immédiatement l'exploitation ou la diffusion illicite d'un logiciel;Obtenir seulement une preuve;Déposer un brevet;Publier le code source;-;L'action en cessation vise à faire arrêter immédiatement une exploitation ou diffusion illicite. Elle se fait par une procédure rapide devant le Tribunal de l'entreprise.;1;facile;action-cessation;2.2 - Droit d'auteur - Durée, sanctions et formalités;L'action en cessation vise à {{faire cesser immédiatement l'exploitation illicite}}.;faire cesser l'exploitation illicite|arrêt immédiat;faire cesser immédiatement l'exploitation illicite;faire cesser immédiatement l'exploitation illicite|Obtenir seulement une preuve|Déposer un brevet|Publier le code source
Droit des contrats informatiques;Chapitre 2 - La protection du logiciel (IP);Devant quelle juridiction se déroule l'action en cessation ?;Le Tribunal de l'entreprise;Le tribunal de police;La Cour constitutionnelle;L'OEB;-;Le document précise que l'action en cessation se déroule devant le Tribunal de l'entreprise. Elle suit une procédure rapide, comme en référé.;1;facile;tribunal-entreprise;2.2 - Droit d'auteur - Durée, sanctions et formalités;L'action en cessation est portée devant {{le Tribunal de l'entreprise}}.;Tribunal de l'entreprise;le Tribunal de l'entreprise;le Tribunal de l'entreprise|Le tribunal de police|La Cour constitutionnelle|L'OEB
Droit des contrats informatiques;Chapitre 2 - La protection du logiciel (IP);Que peut ordonner le juge en cessation ?;Arrêt de l'usage, retrait des copies du marché ou blocage d'accès;Octroi d'un brevet européen;Transfert automatique du code source;Emprisonnement automatique;Revois la durée de protection et les moyens d'action.;Le juge peut ordonner l'arrêt de l'usage du logiciel, le retrait des copies du marché ou le blocage d'accès aux plateformes ou serveurs concernés.;2;moyen;cessation|mesures;2.2 - Droit d'auteur - Durée, sanctions et formalités;Le juge peut ordonner {{l'arrêt de l'usage, le retrait des copies ou le blocage d'accès}}.;arrêt de l'usage|retrait des copies|blocage;l'arrêt de l'usage, le retrait des copies ou le blocage d'accès;l'arrêt de l'usage, le retrait des copies ou le blocage d'accès|Octroi d'un brevet européen|Transfert automatique du code source|Emprisonnement automatique
Droit des contrats informatiques;Chapitre 2 - La protection du logiciel (IP);Quel est l'objectif de l'action en dommages et intérêts ?;Réparer le préjudice subi par le titulaire des droits;Créer le droit d'auteur;Déposer le logiciel;Interdire tout usage licite;-;L'action en dommages et intérêts vise à obtenir réparation du préjudice causé au titulaire des droits. Elle peut compléter l'action en cessation.;1;facile;dommages-interets;2.2 - Droit d'auteur - Durée, sanctions et formalités;Les dommages et intérêts visent à {{réparer le préjudice}}.;réparer le préjudice|obtenir réparation;réparer le préjudice;réparer le préjudice|Créer le droit d'auteur|Déposer le logiciel|Interdire tout usage licite
Droit des contrats informatiques;Chapitre 2 - La protection du logiciel (IP);Quels préjudices ou gains peuvent être couverts par les dommages et intérêts ?;Perte financière, préjudice moral et bénéfices indûment réalisés;Uniquement les frais de dépôt;Uniquement une taxe annuelle;Uniquement la copie de sauvegarde;Revois la durée de protection et les moyens d'action.;Le document cite la perte financière, le préjudice moral et les bénéfices indûment réalisés par le contrefacteur. Ces éléments permettent d'évaluer la réparation.;2;moyen;prejudice|dommages;2.2 - Droit d'auteur - Durée, sanctions et formalités;Les dommages peuvent couvrir {{perte financière, préjudice moral et bénéfices indûment réalisés}}.;perte financière|préjudice moral|bénéfices indûment réalisés;perte financière, préjudice moral et bénéfices indûment réalisés;perte financière, préjudice moral et bénéfices indûment réalisés|Uniquement les frais de dépôt|Uniquement une taxe annuelle|Uniquement la copie de sauvegarde
Droit des contrats informatiques;Chapitre 2 - La protection du logiciel (IP);Le droit d'auteur sur un logiciel nécessite-t-il une formalité en droit belge et européen ?;Non, la protection est automatique et gratuite;Oui, un dépôt obligatoire;Oui, une taxe annuelle;Oui, une instruction administrative;-;Aucune formalité n'est requise pour bénéficier du droit d'auteur. Le logiciel est protégé dès sa création s'il est original.;1;facile;formalites|automatique;2.2 - Droit d'auteur - Durée, sanctions et formalités;La protection par droit d'auteur est {{automatique et gratuite}}.;automatique et gratuite|sans formalité;automatique et gratuite;automatique et gratuite|Oui, un dépôt obligatoire|Oui, une taxe annuelle|Oui, une instruction administrative
Droit des contrats informatiques;Chapitre 2 - La protection du logiciel (IP);À partir de quand un logiciel original est-il protégé ?;Dès sa création;Dès son dépôt à l'OEB;Dès sa première vente UE;Après 20 ans;-;Le logiciel est protégé dès sa création, à condition d'être original. L'enregistrement ou le dépôt ne crée pas le droit.;1;facile;creation|originalite;2.2 - Droit d'auteur - Durée, sanctions et formalités;Un logiciel original est protégé {{dès sa création}}.;dès sa création|à sa création;dès sa création;dès sa création|Dès son dépôt à l'OEB|Dès sa première vente UE|Après 20 ans
Droit des contrats informatiques;Chapitre 2 - La protection du logiciel (IP);Pourquoi un dépôt peut-il être recommandé malgré l'absence d'obligation ?;Pour prouver la paternité et la date de création;Pour créer le droit d'auteur;Pour rendre le logiciel brevetable;Pour exclure les exceptions;Revois la durée de protection et les moyens d'action.;Un dépôt ne crée pas le droit, mais il facilite la preuve en cas de litige. Il peut établir l'auteur et l'antériorité de la création.;2;moyen;depot|preuve;2.2 - Droit d'auteur - Durée, sanctions et formalités;Le dépôt sert à prouver {{la paternité et la date de création}}.;paternité|date de création|antériorité;la paternité et la date de création;la paternité et la date de création|Pour créer le droit d'auteur|Pour rendre le logiciel brevetable|Pour exclure les exceptions
Droit des contrats informatiques;Chapitre 2 - La protection du logiciel (IP);Où peut-on déposer un logiciel pour faciliter la preuve ?;Chez un notaire, auprès d'une société de gestion ou via timestamping/blockchain;Uniquement au tribunal pénal;Uniquement chez un concurrent;Uniquement sur un serveur privé;Revois la durée de protection et les moyens d'action.;Le document cite le dépôt chez un notaire, auprès d'une société de gestion ou d'un tiers spécialisé, ainsi que les systèmes de timestamping ou blockchain.;2;moyen;depot|notaire|blockchain;2.2 - Droit d'auteur - Durée, sanctions et formalités;Le dépôt peut se faire chez {{un notaire, une société de gestion ou via timestamping/blockchain}}.;notaire|société de gestion|timestamping|blockchain;un notaire, une société de gestion ou via timestamping/blockchain;un notaire, une société de gestion ou via timestamping/blockchain|Uniquement au tribunal pénal|Uniquement chez un concurrent|Uniquement sur un serveur privé
Droit des contrats informatiques;Chapitre 2 - La protection du logiciel (IP);Un logiciel en tant que tel est-il brevetable en droit belge et européen ?;Non;Oui, toujours;Oui, sans condition;Oui, s'il est original;-;Le document indique qu'un programme d'ordinateur en tant que tel n'est pas une invention brevetable. Il reste exclu du champ des brevets sauf conditions particulières.;1;facile;brevet|logiciel;2.2 - Droit des brevets;Un logiciel en tant que tel {{n'est pas brevetable}}.;non|n'est pas brevetable;n'est pas brevetable;n'est pas brevetable|Oui, toujours|Oui, sans condition|Oui, s'il est original
Droit des contrats informatiques;Chapitre 2 - La protection du logiciel (IP);Pourquoi le logiciel est-il qualifié d'objet hybride ?;Le code relève du droit d'auteur, tandis que certaines fonctionnalités techniques peuvent relever du brevet;Il est toujours une marque et un dessin;Il n'est jamais protégé;Il relève uniquement des topographies;Revois les critères de brevetabilité et leurs limites.;Le code source est une oeuvre de l'esprit protégée par droit d'auteur. Des fonctionnalités techniques produisant un effet technique concret peuvent, elles, être protégées par brevet.;2;moyen;hybride|droit-auteur|brevet;2.2 - Droit des brevets;Le logiciel est hybride car {{le code relève du droit d'auteur et certaines fonctionnalités techniques du brevet}}.;droit d'auteur et brevet|code et fonctionnalité technique;le code relève du droit d'auteur et certaines fonctionnalités techniques du brevet;le code relève du droit d'auteur et certaines fonctionnalités techniques du brevet|Il est toujours une marque et un dessin|Il n'est jamais protégé|Il relève uniquement des topographies
Droit des contrats informatiques;Chapitre 2 - La protection du logiciel (IP);Que protège le droit d'auteur dans la superposition droit d'auteur/brevet ?;La forme, comme le code et la structure du programme;L'idée technique sous-jacente uniquement;La solution technique uniquement;La taxe annuelle;-;Le droit d'auteur protège la forme exprimée du logiciel, notamment le code et la structure du programme. Il ne protège pas l'idée technique comme telle.;1;facile;superposition|forme;2.2 - Droit des brevets;Le droit d'auteur protège {{la forme, comme le code et la structure}}.;forme|code|structure;la forme, comme le code et la structure;la forme, comme le code et la structure|L'idée technique sous-jacente uniquement|La solution technique uniquement|La taxe annuelle
Droit des contrats informatiques;Chapitre 2 - La protection du logiciel (IP);Que peut protéger le brevet dans cette superposition ?;L'idée technique sous-jacente, si elle constitue une fonctionnalité nouvelle ou une solution technique;Le manuel comme oeuvre littéraire;La paternité du développeur;Le code comme texte écrit;Revois les critères de brevetabilité et leurs limites.;Le brevet peut protéger l'idée technique sous-jacente lorsqu'elle répond aux conditions de brevetabilité. Il protège une solution technique, pas la forme du code.;2;moyen;brevet|solution-technique;2.2 - Droit des brevets;Le brevet peut protéger {{l'idée technique sous-jacente}}.;idée technique|solution technique;l'idée technique sous-jacente;l'idée technique sous-jacente|Le manuel comme oeuvre littéraire|La paternité du développeur|Le code comme texte écrit
Droit des contrats informatiques;Chapitre 2 - La protection du logiciel (IP);Dans l'exemple de commande vocale pour drones, qu'est-ce qui est protégé automatiquement par droit d'auteur ?;Le code source du logiciel;La fonctionnalité brevetée automatiquement;La marque du drone;Le capteur physique;-;Le code source du logiciel de commande vocale est protégé automatiquement par droit d'auteur s'il est original. La fonctionnalité technique peut éventuellement relever du brevet.;1;facile;drone|code-source;2.2 - Droit des brevets;Dans l'exemple du drone, le droit d'auteur protège {{le code source}}.;code source|le code source;le code source;le code source|La fonctionnalité brevetée automatiquement|La marque du drone|Le capteur physique
Droit des contrats informatiques;Chapitre 2 - La protection du logiciel (IP);Dans l'exemple de commande vocale pour drones, pourquoi la fonctionnalité peut-elle être brevetable ?;Parce qu'elle repose sur une technique de filtrage sonore inédite produisant un effet technique concret;Parce qu'elle est écrite en Python;Parce qu'elle est une interface graphique;Parce qu'elle est gratuite;Revois les critères de brevetabilité et leurs limites.;La fonctionnalité permet une commande vocale en milieu bruyant grâce à une technique de filtrage sonore inédite. Elle peut donc produire une contribution technique dépassant le simple logiciel.;3;avancé;drone|filtrage-sonore;2.2 - Droit des brevets;La fonctionnalité peut être brevetée grâce à {{une technique de filtrage sonore inédite}}.;filtrage sonore inédit|technique de filtrage sonore;une technique de filtrage sonore inédite;une technique de filtrage sonore inédite|Parce qu'elle est écrite en Python|Parce qu'elle est une interface graphique|Parce qu'elle est gratuite
Droit des contrats informatiques;Chapitre 2 - La protection du logiciel (IP);Quelles sont les trois conditions de brevetabilité citées ?;Nouveauté, activité inventive et application industrielle;Originalité, paternité et divulgation;Sauvegarde, observation et décompilation;Distribution, location et prêt;-;Le document énumère les conditions de brevetabilité : nouveauté, activité inventive et application industrielle. Elles s'ajoutent à l'exigence d'une invention technique.;1;facile;brevetabilite|conditions;2.2 - Droit des brevets;Les conditions sont {{nouveauté, activité inventive et application industrielle}}.;nouveauté|activité inventive|application industrielle;nouveauté, activité inventive et application industrielle;nouveauté, activité inventive et application industrielle|Originalité, paternité et divulgation|Sauvegarde, observation et décompilation|Distribution, location et prêt
Droit des contrats informatiques;Chapitre 2 - La protection du logiciel (IP);Pour être brevetable, l'objet doit être technique et non quoi ?;Une simple idée abstraite ou une suite logique;Une amélioration technique;Une interaction avec des capteurs;Une solution industrielle;Revois les critères de brevetabilité et leurs limites.;Le brevet exige une invention technique. Une simple idée abstraite ou une suite logique ne suffit pas à entrer dans le champ de la brevetabilité.;2;moyen;invention|idee-abstraite;2.2 - Droit des brevets;L'objet ne peut pas être {{une simple idée abstraite ou une suite logique}}.;idée abstraite|suite logique;une simple idée abstraite ou une suite logique;une simple idée abstraite ou une suite logique|Une amélioration technique|Une interaction avec des capteurs|Une solution industrielle
Droit des contrats informatiques;Chapitre 2 - La protection du logiciel (IP);Que prévoit l'article 52(2) CBE ?;Les programmes d'ordinateur considérés en tant que tels ne sont pas des inventions;Tous les logiciels sont brevetables;Les programmes durent 70 ans;Les programmes sont des bases de données;Revois les critères de brevetabilité et leurs limites.;L'article 52(2) CBE exclut les programmes d'ordinateur considérés en tant que tels de la notion d'invention. Cette exclusion n'empêche pas toute brevetabilité lorsqu'une contribution technique existe.;2;moyen;article-52|cbe;2.2 - Droit des brevets;L'article 52(2) exclut {{les programmes d'ordinateur en tant que tels}}.;programmes d'ordinateur en tant que tels|logiciels en tant que tels;les programmes d'ordinateur en tant que tels;les programmes d'ordinateur en tant que tels|Tous les logiciels sont brevetables|Les programmes durent 70 ans|Les programmes sont des bases de données
Droit des contrats informatiques;Chapitre 2 - La protection du logiciel (IP);Quand un logiciel est-il considéré en tant que tel ?;Lorsqu'il n'a pas d'effet technique identifiable en dehors de son fonctionnement informatique interne;Lorsqu'il contrôle un processus industriel;Lorsqu'il interagit avec des capteurs;Lorsqu'il améliore un système technique;Revois les critères de brevetabilité et leurs limites.;Le logiciel considéré en tant que tel n'a pas d'effet technique identifiable hors de son fonctionnement informatique interne. Le simple fait de faire tourner du matériel ne suffit pas.;3;avancé;logiciel-en-tant-que-tel|effet-technique;2.2 - Droit des brevets;Un logiciel en tant que tel n'a pas {{d'effet technique identifiable externe}}.;effet technique identifiable externe|effet technique;d'effet technique identifiable externe;d'effet technique identifiable externe|Lorsqu'il contrôle un processus industriel|Lorsqu'il interagit avec des capteurs|Lorsqu'il améliore un système technique
Droit des contrats informatiques;Chapitre 2 - La protection du logiciel (IP);Pourquoi les pulsions électriques ne suffisent-elles pas pour la brevetabilité ?;Parce que ce serait le cas de tout logiciel;Parce qu'elles prouvent l'originalité;Parce qu'elles créent un droit moral;Parce qu'elles valent dépôt officiel;Revois les critères de brevetabilité et leurs limites.;Tous les logiciels provoquent des effets matériels internes, comme des signaux électriques. Le document exige un effet technique identifiable au-delà de ce fonctionnement normal.;2;moyen;effet-technique|brevet;2.2 - Droit des brevets;Les pulsions électriques ne suffisent pas car {{ce serait le cas de tout logiciel}}.;tout logiciel|tous les logiciels;ce serait le cas de tout logiciel;ce serait le cas de tout logiciel|Parce qu'elles prouvent l'originalité|Parce qu'elles créent un droit moral|Parce qu'elles valent dépôt officiel
Droit des contrats informatiques;Chapitre 2 - La protection du logiciel (IP);Que faut-il démontrer pour dépasser l'exclusion du logiciel en tant que tel ?;Une contribution technique concrète au-delà de l'exécution normale du code;Une simple originalité du code;Une vente initiale dans l'UE;Une documentation complète;Revois les critères de brevetabilité et leurs limites.;Pour dépasser l'exclusion, il faut une contribution technique concrète. Le document cite le contrôle d'un processus industriel, l'amélioration d'un système technique ou l'interaction novatrice avec des équipements physiques.;3;avancé;contribution-technique;2.2 - Droit des brevets;Il faut démontrer {{une contribution technique concrète}}.;contribution technique concrète|effet technique concret;une contribution technique concrète;une contribution technique concrète|Une simple originalité du code|Une vente initiale dans l'UE|Une documentation complète
Droit des contrats informatiques;Chapitre 2 - La protection du logiciel (IP);Quels exemples de contribution technique concrète sont cités ?;Contrôle d'un processus industriel, amélioration d'un système technique ou interaction avec capteurs/actionneurs;Paternité, intégrité et divulgation;Revente, location et prêt;Sauvegarde, observation et étude;Revois les critères de brevetabilité et leurs limites.;Le document cite des contributions techniques concrètes liées à un processus industriel réel, à l'efficacité d'un système technique ou à l'interaction avec des capteurs, actionneurs ou équipements physiques.;3;avancé;processus-industriel|capteurs;2.2 - Droit des brevets;Une contribution technique peut être {{contrôle industriel, amélioration technique ou interaction avec capteurs/actionneurs}}.;contrôle industriel|amélioration technique|capteurs;contrôle industriel, amélioration technique ou interaction avec capteurs/actionneurs;contrôle industriel, amélioration technique ou interaction avec capteurs/actionneurs|Paternité, intégrité et divulgation|Revente, location et prêt|Sauvegarde, observation et étude
Droit des contrats informatiques;Chapitre 2 - La protection du logiciel (IP);Pourquoi le logiciel de gestion d'un four industriel peut-il être brevetable ?;Parce qu'il interagit avec un processus physique et améliore son fonctionnement technique;Parce qu'il a une interface originale;Parce qu'il est vendu dans l'UE;Parce qu'il est écrit en C++;Revois les critères de brevetabilité et leurs limites.;Le logiciel ajuste la température selon des capteurs en temps réel et optimise la consommation énergétique. Il interagit donc avec un processus physique et améliore son fonctionnement.;3;avancé;four-industriel|effet-technique;2.2 - Droit des brevets;Le logiciel du four peut être brevetable car il {{interagit avec un processus physique}}.;processus physique|améliore le fonctionnement technique;interagit avec un processus physique;interagit avec un processus physique|Parce qu'il a une interface originale|Parce qu'il est vendu dans l'UE|Parce qu'il est écrit en C++
Droit des contrats informatiques;Chapitre 2 - La protection du logiciel (IP);Que signifie la nouveauté en droit des brevets ?;L'invention n'a jamais été rendue accessible au public avant la date de dépôt;L'invention est originale;L'invention est utile en théorie;L'invention est publiée avant dépôt;-;Une invention est nouvelle si elle n'a jamais été rendue accessible au public avant le dépôt de la demande de brevet. Toute divulgation antérieure peut détruire la nouveauté.;1;facile;nouveaute|brevet;2.2 - Droit des brevets;Une invention est nouvelle si elle n'a pas été rendue publique {{avant le dépôt}}.;avant le dépôt|avant la date de dépôt;avant le dépôt;avant le dépôt|L'invention est originale|L'invention est utile en théorie|L'invention est publiée avant dépôt
Droit des contrats informatiques;Chapitre 2 - La protection du logiciel (IP);Que désigne l'état de la technique ?;Tout ce qui est connu avant le dépôt;Uniquement les brevets belges;Uniquement les logiciels open source;Uniquement les informations secrètes;-;L'état de la technique comprend tout ce qui est connu avant le dépôt. Il inclut les descriptions écrites ou orales, les usages publics et tout moyen accessible au public.;1;facile;etat-technique;2.2 - Droit des brevets;L'état de la technique est {{tout ce qui est connu avant le dépôt}}.;tout ce qui est connu avant le dépôt;tout ce qui est connu avant le dépôt;tout ce qui est connu avant le dépôt|Uniquement les brevets belges|Uniquement les logiciels open source|Uniquement les informations secrètes
Droit des contrats informatiques;Chapitre 2 - La protection du logiciel (IP);Quels moyens peuvent rendre une invention accessible au public ?;Description écrite, description orale, usage public ou autre moyen accessible au public;Uniquement publication au Moniteur;Uniquement vente en Belgique;Uniquement copie de sauvegarde;Revois les critères de brevetabilité et leurs limites.;Le document indique que l'information peut être rendue publique par écrit, oralement, par usage public ou par tout autre moyen accessible, y compris en ligne.;2;moyen;accessibilite|public;2.2 - Droit des brevets;La nouveauté peut être détruite par {{description écrite, description orale, usage public ou autre moyen accessible}}.;description écrite|description orale|usage public;description écrite, description orale, usage public ou autre moyen accessible;description écrite, description orale, usage public ou autre moyen accessible|Uniquement publication au Moniteur|Uniquement vente en Belgique|Uniquement copie de sauvegarde
Droit des contrats informatiques;Chapitre 2 - La protection du logiciel (IP);Pourquoi l'algorithme publié sur GitHub avant le dépôt n'est-il plus nouveau ?;Parce qu'il a été rendu accessible au public avant la demande de brevet;Parce que GitHub transfère les droits;Parce qu'un algorithme est une topographie;Parce que la nouveauté n'existe pas;Revois les critères de brevetabilité et leurs limites.;La publication sur GitHub rend l'algorithme accessible au public. Si elle précède le dépôt, elle détruit la nouveauté exigée pour le brevet.;2;moyen;github|nouveaute;2.2 - Droit des brevets;L'algorithme perd sa nouveauté car il est {{accessible au public avant le dépôt}}.;accessible au public|publié avant dépôt;accessible au public avant le dépôt;accessible au public avant le dépôt|Parce que GitHub transfère les droits|Parce qu'un algorithme est une topographie|Parce que la nouveauté n'existe pas
Droit des contrats informatiques;Chapitre 2 - La protection du logiciel (IP);Quelle solution est recommandée avant de publier une invention brevetable ?;Déposer d'abord le brevet, puis publier;Publier d'abord sur GitHub;Ne jamais déposer;Vendre d'abord hors UE;-;Le document conclut l'exemple GitHub par une règle pratique : déposer d'abord le brevet, puis publier. Cela préserve la nouveauté.;1;facile;depot|publication;2.2 - Droit des brevets;Il faut {{déposer d'abord le brevet, puis publier}}.;déposer avant de publier|dépôt avant publication;déposer d'abord le brevet, puis publier;déposer d'abord le brevet, puis publier|Publier d'abord sur GitHub|Ne jamais déposer|Vendre d'abord hors UE
Droit des contrats informatiques;Chapitre 2 - La protection du logiciel (IP);Que signifie l'activité inventive ?;Pour l'homme du métier, l'invention n'est pas évidente à partir de l'état de la technique;L'invention est simplement nouvelle;L'invention est originale;L'invention est déposée chez un notaire;Revois les critères de brevetabilité et leurs limites.;L'activité inventive existe lorsque l'invention n'est pas évidente pour un homme du métier à partir de l'état de la technique. Elle doit résoudre un problème technique de manière non évidente.;2;moyen;activite-inventive;2.2 - Droit des brevets;L'activité inventive exige une invention {{non évidente pour l'homme du métier}}.;non évidente|homme du métier;non évidente pour l'homme du métier;non évidente pour l'homme du métier|L'invention est simplement nouvelle|L'invention est originale|L'invention est déposée chez un notaire
Droit des contrats informatiques;Chapitre 2 - La protection du logiciel (IP);Qui est l'homme du métier ?;Un professionnel moyen du domaine avec les connaissances générales de sa spécialité, mais sans génie;Le meilleur expert mondial;Le juge;L'utilisateur final;-;L'homme du métier est un professionnel moyen, doté des connaissances générales de sa spécialité. Il n'est pas supposé être un génie inventif.;1;facile;homme-du-metier;2.2 - Droit des brevets;L'homme du métier est {{un professionnel moyen du domaine, sans génie}}.;professionnel moyen|sans génie;un professionnel moyen du domaine, sans génie;un professionnel moyen du domaine, sans génie|Le meilleur expert mondial|Le juge|L'utilisateur final
Droit des contrats informatiques;Chapitre 2 - La protection du logiciel (IP);Pourquoi une simple combinaison logique d'éléments connus ne suffit-elle pas ?;Parce qu'il faut résoudre un problème technique de manière non évidente;Parce qu'elle est toujours originale;Parce qu'elle est protégée par droit d'auteur;Parce qu'elle est secrète;Revois les critères de brevetabilité et leurs limites.;Une invention ne doit pas être une simple combinaison logique d'éléments connus. Elle doit apporter une solution technique non évidente.;2;moyen;non-evidence|probleme-technique;2.2 - Droit des brevets;Il faut une solution {{non évidente à un problème technique}}.;solution non évidente|problème technique;non évidente à un problème technique;non évidente à un problème technique|Parce qu'elle est toujours originale|Parce qu'elle est protégée par droit d'auteur|Parce qu'elle est secrète
Droit des contrats informatiques;Chapitre 2 - La protection du logiciel (IP);Que signifie l'application industrielle ?;L'invention peut être fabriquée ou utilisée dans n'importe quel secteur industriel;Elle est seulement théorique;Elle est uniquement utilisée en usine lourde;Elle est divulguée dans une conférence;-;L'application industrielle exige une possibilité réelle de fabrication ou d'utilisation dans un secteur industriel. L'invention doit avoir une utilité pratique concrète.;1;facile;application-industrielle;2.2 - Droit des brevets;L'application industrielle signifie que l'invention peut être {{fabriquée ou utilisée dans un secteur industriel}}.;fabriquée ou utilisée|secteur industriel;fabriquée ou utilisée dans un secteur industriel;fabriquée ou utilisée dans un secteur industriel|Elle est seulement théorique|Elle est uniquement utilisée en usine lourde|Elle est divulguée dans une conférence
Droit des contrats informatiques;Chapitre 2 - La protection du logiciel (IP);Quels secteurs sont cités comme exemples d'application industrielle ?;Industrie lourde, technologies numériques, santé, énergie et transport;Uniquement l'industrie lourde;Uniquement les jeux vidéo;Uniquement les bibliothèques;-;Le document cite plusieurs secteurs : industrie lourde, technologies numériques, santé, énergie et transport. L'application industrielle ne se limite donc pas aux usines classiques.;1;facile;secteurs|application-industrielle;2.2 - Droit des brevets;L'application industrielle peut viser {{industrie lourde, technologies numériques, santé, énergie et transport}}.;industrie lourde|technologies numériques|santé|énergie|transport;industrie lourde, technologies numériques, santé, énergie et transport;industrie lourde, technologies numériques, santé, énergie et transport|Uniquement l'industrie lourde|Uniquement les jeux vidéo|Uniquement les bibliothèques
Droit des contrats informatiques;Chapitre 2 - La protection du logiciel (IP);Pourquoi une idée théoriquement intéressante ne suffit-elle pas ?;Parce qu'il faut une possibilité réelle d'exploitation;Parce qu'il faut seulement l'originalité;Parce que les idées abstraites sont brevetables;Parce que le brevet est automatique;Revois les critères de brevetabilité et leurs limites.;Le document précise qu'une invention doit avoir une utilité concrète. Une idée seulement théorique ne suffit pas sans possibilité réelle d'exploitation.;2;moyen;exploitation|application-industrielle;2.2 - Droit des brevets;Il faut {{une possibilité réelle d'exploitation}}.;possibilité réelle d'exploitation|exploitation réelle;une possibilité réelle d'exploitation;une possibilité réelle d'exploitation|Parce qu'il faut seulement l'originalité|Parce que les idées abstraites sont brevetables|Parce que le brevet est automatique
Droit des contrats informatiques;Chapitre 2 - La protection du logiciel (IP);Dans l'exemple des bras robotiques, pourquoi l'activité inventive peut-elle être reconnue ?;Parce que l'algorithme intègre une analyse physique du son jamais utilisée de cette manière;Parce que tout robot est brevetable;Parce que le code est protégé;Parce que la méthode est publiée;Revois les critères de brevetabilité et leurs limites.;L'exemple met en avant une méthode logicielle de tri basée sur une analyse physique du son jamais utilisée ainsi. Cette contribution peut rendre la solution non évidente.;3;avancé;bras-robotiques|son;2.2 - Droit des brevets;L'activité inventive vient de {{l'analyse physique du son jamais utilisée de cette manière}}.;analyse physique du son|analyse sonore;l'analyse physique du son jamais utilisée de cette manière;l'analyse physique du son jamais utilisée de cette manière|Parce que tout robot est brevetable|Parce que le code est protégé|Parce que la méthode est publiée
Droit des contrats informatiques;Chapitre 2 - La protection du logiciel (IP);Dans l'exemple des bras robotiques, pourquoi l'application industrielle peut-elle être reconnue ?;Parce que la méthode peut être utilisée dans des chaînes de tri automatisées;Parce qu'elle est pédagogique;Parce qu'elle est une oeuvre littéraire;Parce qu'elle est un simple menu;Revois les critères de brevetabilité et leurs limites.;La méthode peut être utilisée dans des chaînes de tri automatisées en logistique, recyclage ou agroalimentaire. Elle présente donc une exploitation industrielle concrète.;2;moyen;bras-robotiques|application;2.2 - Droit des brevets;L'application industrielle vient de l'usage dans {{des chaînes de tri automatisées}}.;chaînes de tri automatisées|tri automatisé;des chaînes de tri automatisées;des chaînes de tri automatisées|Parce qu'elle est pédagogique|Parce qu'elle est une oeuvre littéraire|Parce qu'elle est un simple menu
Droit des contrats informatiques;Chapitre 2 - La protection du logiciel (IP);Contrairement au droit d'auteur, que nécessite le brevet ?;Une demande formelle et une instruction administrative;Aucune formalité;Une simple preuve de paternité;Une copie de sauvegarde;-;Le brevet nécessite un dépôt formel et une procédure administrative. Cette procédure est différente de la protection automatique du droit d'auteur.;1;facile;formalites|brevet;2.2 - Droit des brevets;Le brevet nécessite {{une demande formelle et une instruction administrative}}.;demande formelle|instruction administrative;une demande formelle et une instruction administrative;une demande formelle et une instruction administrative|Aucune formalité|Une simple preuve de paternité|Une copie de sauvegarde
Droit des contrats informatiques;Chapitre 2 - La protection du logiciel (IP);Où dépose-t-on une demande de brevet belge ?;À l'Office belge de la propriété intellectuelle (OPRI);À l'OEB uniquement;Chez un notaire;Au Tribunal de l'entreprise;-;Le brevet national belge se dépose auprès de l'Office belge de la propriété intellectuelle. L'abréviation utilisée est OPRI.;1;facile;opri|brevet-belge;2.2 - Droit des brevets;Le brevet belge se dépose auprès de {{l'OPRI}}.;OPRI|Office belge de la propriété intellectuelle;l'OPRI;l'OPRI|À l'OEB uniquement|Chez un notaire|Au Tribunal de l'entreprise
Droit des contrats informatiques;Chapitre 2 - La protection du logiciel (IP);Où dépose-t-on une demande de brevet européen ?;À l'Office européen des brevets (OEB);À l'OPRI uniquement;Chez un tiers de confiance;Auprès d'une société de gestion;-;Le brevet européen est déposé auprès de l'Office européen des brevets. L'abréviation utilisée est OEB.;1;facile;oeb|brevet-europeen;2.2 - Droit des brevets;Le brevet européen se dépose auprès de {{l'OEB}}.;OEB|Office européen des brevets;l'OEB;l'OEB|À l'OPRI uniquement|Chez un tiers de confiance|Auprès d'une société de gestion
Droit des contrats informatiques;Chapitre 2 - La protection du logiciel (IP);Que doit contenir une demande de brevet ?;Une description complète, des revendications précises et éventuellement des dessins techniques;Uniquement le nom de l'inventeur;Uniquement le code source;Uniquement une preuve notariale;Revois les critères de brevetabilité et leurs limites.;La demande doit comprendre une description complète de l'invention et des revendications précises. Des dessins techniques peuvent aussi être joints.;2;moyen;demande-brevet|revendications;2.2 - Droit des brevets;Une demande contient {{description complète, revendications précises et éventuellement dessins techniques}}.;description complète|revendications précises|dessins techniques;description complète, revendications précises et éventuellement dessins techniques;description complète, revendications précises et éventuellement dessins techniques|Uniquement le nom de l'inventeur|Uniquement le code source|Uniquement une preuve notariale
Droit des contrats informatiques;Chapitre 2 - La protection du logiciel (IP);Quel est le rôle du rapport de recherche ?;Identifier les documents pertinents de l'état de la technique et évaluer les chances de brevetabilité;Créer automatiquement le brevet;Déterminer les droits moraux;Remplacer les revendications;Revois les critères de brevetabilité et leurs limites.;Le rapport de recherche est rédigé par l'office. Il identifie les documents pertinents de l'état de la technique et aide à apprécier la brevetabilité.;2;moyen;rapport-recherche|etat-technique;2.2 - Droit des brevets;Le rapport de recherche sert à {{identifier l'état de la technique et évaluer la brevetabilité}}.;identifier l'état de la technique|évaluer la brevetabilité;identifier l'état de la technique et évaluer la brevetabilité;identifier l'état de la technique et évaluer la brevetabilité|Créer automatiquement le brevet|Déterminer les droits moraux|Remplacer les revendications
Droit des contrats informatiques;Chapitre 2 - La protection du logiciel (IP);Quel est le délai indicatif d'octroi d'un brevet belge ?;6 à 12 mois;2,5 à 4 ans;5 à 6 ans;70 ans;-;Le tableau indique que le brevet belge peut être octroyé en 6 à 12 mois. Il s'agit d'une procédure simplifiée sans examen de fond.;1;facile;delai|brevet-belge;2.2 - Droit des brevets;Le délai indicatif du brevet belge est {{6 à 12 mois}}.;6 à 12 mois;6 à 12 mois;6 à 12 mois|2,5 à 4 ans|5 à 6 ans|70 ans
Droit des contrats informatiques;Chapitre 2 - La protection du logiciel (IP);Quel est le délai indicatif d'un brevet européen ?;2,5 à 4 ans;6 à 12 mois;10 ans;15 ans;-;Le tableau indique un délai indicatif de 2,5 à 4 ans pour un brevet européen. Ce délai inclut la recherche et l'examen de fond.;1;facile;delai|brevet-europeen;2.2 - Droit des brevets;Le délai indicatif du brevet européen est {{2,5 à 4 ans}}.;2,5 à 4 ans|2.5 à 4 ans;2,5 à 4 ans;2,5 à 4 ans|6 à 12 mois|10 ans|15 ans
Droit des contrats informatiques;Chapitre 2 - La protection du logiciel (IP);Quel délai est mentionné pour le PCT avant les brevets nationaux ?;2 à 3 ans pour le rapport international, jusqu'à 5 à 6 ans pour les brevets nationaux;6 à 12 mois pour tout obtenir;70 ans après décès;10 ans après fixation;Revois les critères de brevetabilité et leurs limites.;Le tableau distingue le rapport international, qui peut prendre 2 à 3 ans, et l'obtention des brevets nationaux, qui peut aller jusqu'à 5 à 6 ans. Le PCT ouvre une voie vers des protections nationales.;3;avancé;pct|delai;2.2 - Droit des brevets;Le PCT prend {{2 à 3 ans}} pour le rapport international.;2 à 3 ans|5 à 6 ans;2 à 3 ans;2 à 3 ans|6 à 12 mois pour tout obtenir|70 ans après décès|10 ans après fixation
Droit des contrats informatiques;Chapitre 2 - La protection du logiciel (IP);Quelle procédure accélérée est mentionnée auprès de l'OEB ?;La procédure PACE;La procédure SAS;La procédure escrow;La procédure Berne;-;Le document mentionne la possibilité de demander une procédure accélérée dans certains pays. L'exemple cité est la procédure PACE auprès de l'OEB.;1;facile;pace|procedure-acceleree;2.2 - Droit des brevets;La procédure accélérée mentionnée est {{PACE}}.;PACE|procédure PACE;PACE;PACE|La procédure SAS|La procédure escrow|La procédure Berne
Droit des contrats informatiques;Chapitre 2 - La protection du logiciel (IP);Quelle est la durée maximale d'un brevet ?;20 ans à compter de la date de dépôt;70 ans après le décès;15 ans après création;10 ans après fixation;-;Le brevet est accordé pour une durée maximale de 20 ans à partir de la date de dépôt. Après cette période, l'invention tombe dans le domaine public.;1;facile;duree|brevet;2.2 - Droit des brevets;Un brevet dure maximum {{20 ans à compter du dépôt}}.;20 ans|20 ans à compter du dépôt;20 ans à compter du dépôt;20 ans à compter du dépôt|70 ans après le décès|15 ans après création|10 ans après fixation
Droit des contrats informatiques;Chapitre 2 - La protection du logiciel (IP);Que doit payer le titulaire pour maintenir le brevet en vigueur ?;Une taxe annuelle;Une redevance par utilisateur;Une amende pénale;Aucun paiement;-;Le document précise que le titulaire doit payer une taxe annuelle pour maintenir le brevet en vigueur. Cela distingue le maintien du brevet de la protection automatique du droit d'auteur.;1;facile;taxe-annuelle|brevet;2.2 - Droit des brevets;Le titulaire doit payer {{une taxe annuelle}}.;taxe annuelle;une taxe annuelle;une taxe annuelle|Une redevance par utilisateur|Une amende pénale|Aucun paiement
Droit des contrats informatiques;Chapitre 2 - La protection du logiciel (IP);Que se passe-t-il après 20 ans de brevet ?;L'invention tombe dans le domaine public et peut être librement exploitée;Le brevet devient droit d'auteur;Le monopole se renouvelle automatiquement;L'invention est détruite;-;À l'expiration de la durée maximale, l'invention tombe dans le domaine public. Elle peut alors être exploitée librement.;1;facile;domaine-public|brevet;2.2 - Droit des brevets;Après 20 ans, l'invention tombe {{dans le domaine public}}.;domaine public|dans le domaine public;dans le domaine public;dans le domaine public|Le brevet devient droit d'auteur|Le monopole se renouvelle automatiquement|L'invention est détruite
Droit des contrats informatiques;Chapitre 2 - La protection du logiciel (IP);Quelle est l'étendue territoriale d'un brevet belge ?;Il est valable uniquement en Belgique;Il est mondial automatiquement;Il vaut dans tous les pays PCT;Il vaut aux États-Unis;-;Le tableau précise que le brevet belge est valable uniquement en Belgique. Un brevet ne protège que dans les territoires où il est demandé et validé.;1;facile;territoire|brevet-belge;2.2 - Droit des brevets;Un brevet belge est valable {{uniquement en Belgique}}.;Belgique|uniquement en Belgique;uniquement en Belgique;uniquement en Belgique|Il est mondial automatiquement|Il vaut dans tous les pays PCT|Il vaut aux États-Unis
Droit des contrats informatiques;Chapitre 2 - La protection du logiciel (IP);Quelle est l'étendue territoriale d'un brevet européen ?;Il est valable dans les États désignés parmi les membres de la CBE;Il est automatiquement mondial;Il vaut uniquement en Belgique;Il vaut uniquement aux États-Unis;Revois les critères de brevetabilité et leurs limites.;Le brevet européen produit ses effets dans les États désignés parmi les membres de la CBE. Il ne crée pas une protection mondiale automatique.;2;moyen;territoire|brevet-europeen;2.2 - Droit des brevets;Un brevet européen vaut dans {{les États désignés parmi les membres de la CBE}}.;États désignés|membres de la CBE;les États désignés parmi les membres de la CBE;les États désignés parmi les membres de la CBE|Il est automatiquement mondial|Il vaut uniquement en Belgique|Il vaut uniquement aux États-Unis
Droit des contrats informatiques;Chapitre 2 - La protection du logiciel (IP);Que permet une demande PCT ?;Elle peut conduire à des protections nationales dans plus de 150 pays après validation nationale;Elle crée un brevet mondial automatique;Elle remplace le droit d'auteur;Elle vaut seulement en Belgique;Revois les critères de brevetabilité et leurs limites.;Le PCT peut mener à des protections nationales dans plus de 150 pays. Il nécessite ensuite des validations nationales et ne produit pas un effet mondial automatique.;3;avancé;pct|territoire;2.2 - Droit des brevets;Le PCT peut conduire à {{des protections nationales dans plus de 150 pays}}.;protections nationales|plus de 150 pays;des protections nationales dans plus de 150 pays;des protections nationales dans plus de 150 pays|Elle crée un brevet mondial automatique|Elle remplace le droit d'auteur|Elle vaut seulement en Belgique
Droit des contrats informatiques;Chapitre 2 - La protection du logiciel (IP);Un brevet a-t-il un effet international automatique ?;Non, il ne protège que les territoires où il est demandé et validé;Oui, dès le dépôt belge;Oui, si le logiciel est technique;Oui, après publication;Revois les critères de brevetabilité et leurs limites.;Le document souligne qu'un brevet ne protège que sur les territoires où il est demandé et validé. Il n'a aucun effet international automatique.;2;moyen;territorialite|brevet;2.2 - Droit des brevets;Un brevet n'a {{aucun effet international automatique}}.;aucun effet international automatique|non;aucun effet international automatique;aucun effet international automatique|Oui, dès le dépôt belge|Oui, si le logiciel est technique|Oui, après publication
Droit des contrats informatiques;Chapitre 2 - La protection du logiciel (IP);Qu'est-ce qu'une topographie de produit semi-conducteur ?;La configuration tridimensionnelle d'un circuit intégré;Le code source d'un logiciel;Une base de données structurée;Une licence d'exploitation logicielle;-;Une topographie désigne la configuration tridimensionnelle d'un circuit intégré, comme une puce électronique ou un semi-conducteur. Le régime vise la structure du circuit.;1;facile;topographie|semi-conducteur|definition;2.3 - Droit des topographies des produits semi-conducteurs;Une topographie de produit semi-conducteur désigne {{la configuration tridimensionnelle d'un circuit intégré}}.;configuration tridimensionnelle d'un circuit intégré|configuration tridimensionnelle|circuit intégré;la configuration tridimensionnelle d'un circuit intégré;la configuration tridimensionnelle d'un circuit intégré|Le code source d'un logiciel|Une base de données structurée|Une licence d'exploitation logicielle
Droit des contrats informatiques;Chapitre 2 - La protection du logiciel (IP);Quels exemples de produits sont concernés par le droit des topographies ?;Les chips utilisés dans les ordinateurs, smartphones et voitures connectées;Les contrats de licence logicielle uniquement;Les bases de données en ligne uniquement;Les interfaces graphiques de sites web uniquement;-;Le document cite les chips utilisés dans les ordinateurs, les smartphones et les voitures connectées. Il s'agit de circuits intégrés ou de semi-conducteurs.;1;facile;topographie|semi-conducteur|exemple;2.3 - Droit des topographies des produits semi-conducteurs;Les topographies concernent notamment les {{chips utilisés dans les ordinateurs, smartphones et voitures connectées}}.;chips|puces électroniques|ordinateurs smartphones voitures connectées;chips utilisés dans les ordinateurs, smartphones et voitures connectées;chips utilisés dans les ordinateurs, smartphones et voitures connectées|Les contrats de licence logicielle uniquement|Les bases de données en ligne uniquement|Les interfaces graphiques de sites web uniquement
Droit des contrats informatiques;Chapitre 2 - La protection du logiciel (IP);Quel type de régime protège les topographies de produits semi-conducteurs ?;Un régime sui generis autonome;Le régime général du droit des brevets uniquement;Le régime général des bases de données uniquement;Le régime de la responsabilité civile uniquement;-;Le droit des topographies repose sur un régime sui generis. Il est autonome et distinct du droit d'auteur ou du brevet.;1;facile;topographie|semi-conducteur|sui-generis;2.3 - Droit des topographies des produits semi-conducteurs;Les topographies de produits semi-conducteurs sont protégées par {{un régime sui generis autonome}}.;régime sui generis autonome|régime sui generis;un régime sui generis autonome;un régime sui generis autonome|Le régime général du droit des brevets uniquement|Le régime général des bases de données uniquement|Le régime de la responsabilité civile uniquement
Droit des contrats informatiques;Chapitre 2 - La protection du logiciel (IP);Que protège le droit des topographies des produits semi-conducteurs ?;La structure du circuit;Le code source du logiciel embarqué;Les fonctionnalités du composant;Les idées commerciales liées à la puce;-;Ce régime protège uniquement la structure du circuit. Il ne protège ni le code ni les fonctionnalités du composant.;1;facile;topographie|semi-conducteur|objet-protection;2.3 - Droit des topographies des produits semi-conducteurs;Le droit des topographies protège {{la structure du circuit}}.;structure du circuit|configuration physique du circuit;la structure du circuit;la structure du circuit|Le code source du logiciel embarqué|Les fonctionnalités du composant|Les idées commerciales liées à la puce
Droit des contrats informatiques;Chapitre 2 - La protection du logiciel (IP);Que ne protège pas le droit des topographies des produits semi-conducteurs ?;Le code et les fonctionnalités du composant;La configuration tridimensionnelle du circuit;L'agencement physique des composants;L'architecture logique gravée sur la puce;-;Le document précise que le régime ne protège ni le code ni les fonctionnalités du composant. Il protège seulement la structure du circuit.;1;facile;topographie|semi-conducteur|limite;2.3 - Droit des topographies des produits semi-conducteurs;Le droit des topographies ne protège pas {{le code et les fonctionnalités du composant}}.;le code et les fonctionnalités du composant|code et fonctionnalités;le code et les fonctionnalités du composant;le code et les fonctionnalités du composant|La configuration tridimensionnelle du circuit|L'agencement physique des composants|L'architecture logique gravée sur la puce
Droit des contrats informatiques;Chapitre 2 - La protection du logiciel (IP);Quelles sont les conditions de protection d'une topographie ?;Elle doit résulter d'un effort intellectuel, ne pas être banale ou purement fonctionnelle, et être fixée ou codifiée;Elle doit être nouvelle, inventive et brevetée;Elle doit être enregistrée, publiée et exploitée commercialement;Elle doit être originale, utile et déposée chez un notaire;Revois le régime spécial attaché au support matériel.;La topographie doit résulter de l'effort intellectuel de son créateur, ne pas être banale ou purement fonctionnelle, et avoir été fixée ou codifiée. La fixation peut par exemple se faire sur un masque de production ou un fichier technique.;2;moyen;topographie|semi-conducteur|conditions;2.3 - Droit des topographies des produits semi-conducteurs;Une topographie est protégée si elle résulte d'un effort intellectuel, n'est pas banale ou purement fonctionnelle, et est {{fixée ou codifiée}}.;fixée ou codifiée|effort intellectuel non banale fixée;fixée ou codifiée;fixée ou codifiée|Elle doit être nouvelle, inventive et brevetée|Elle doit être enregistrée, publiée et exploitée commercialement|Elle doit être originale, utile et déposée chez un notaire
Droit des contrats informatiques;Chapitre 2 - La protection du logiciel (IP);À partir de quel moment la protection d'une topographie est-elle effective ?;Dès la fixation de la topographie;Dès la publication d'un brevet;Dès la vente internationale de la puce;Dès l'enregistrement obligatoire auprès de l'OEB;-;La protection est automatique et devient effective dès la fixation de la topographie. Aucune formalité obligatoire n'est exigée.;1;facile;topographie|semi-conducteur|formalite;2.3 - Droit des topographies des produits semi-conducteurs;La protection d'une topographie est effective dès {{la fixation de la topographie}}.;fixation|la fixation de la topographie;la fixation de la topographie;la fixation de la topographie|Dès la publication d'un brevet|Dès la vente internationale de la puce|Dès l'enregistrement obligatoire auprès de l'OEB
Droit des contrats informatiques;Chapitre 2 - La protection du logiciel (IP);Le dépôt d'une topographie est-il obligatoire ?;Non, mais il peut être utile pour la preuve ou la reconnaissance dans certains États;Oui, il est toujours obligatoire;Oui, mais seulement auprès de l'OEB;Non, et il n'a jamais aucune utilité;Revois le régime spécial attaché au support matériel.;Le document indique qu'aucune formalité obligatoire n'est requise. Un dépôt reste possible pour des raisons de preuve ou de reconnaissance dans certains États.;2;moyen;topographie|semi-conducteur|depot;2.3 - Droit des topographies des produits semi-conducteurs;Le dépôt d'une topographie n'est pas obligatoire, mais peut être utile pour {{la preuve ou la reconnaissance dans certains États}}.;preuve ou reconnaissance|preuve|reconnaissance dans certains États;la preuve ou la reconnaissance dans certains États;la preuve ou la reconnaissance dans certains États|Oui, il est toujours obligatoire|Oui, mais seulement auprès de l'OEB|Non, et il n'a jamais aucune utilité
Droit des contrats informatiques;Chapitre 2 - La protection du logiciel (IP);Quelle est la durée de protection d'une topographie de produit semi-conducteur ?;10 ans;15 ans;20 ans;70 ans après le décès du créateur;-;La protection d'une topographie dure 10 ans. À l'issue de ce délai, la topographie tombe dans le domaine public.;1;facile;topographie|semi-conducteur|duree;2.3 - Droit des topographies des produits semi-conducteurs;Une topographie de produit semi-conducteur est protégée pendant {{10 ans}}.;10 ans|dix ans;10 ans;10 ans|15 ans|20 ans|70 ans après le décès du créateur
Droit des contrats informatiques;Chapitre 2 - La protection du logiciel (IP);À partir de quand court le délai de 10 ans pour une topographie ?;À partir de la première exploitation commerciale ou de la fixation si elle n'est jamais exploitée;À partir du décès du créateur;À partir de la date de dépôt du brevet;À partir de la première action en justice;Revois le régime spécial attaché au support matériel.;Le délai de 10 ans court à partir de la première exploitation commerciale. Si la topographie n'est jamais exploitée, il court à partir de sa fixation.;2;moyen;topographie|semi-conducteur|duree|point-depart;2.3 - Droit des topographies des produits semi-conducteurs;Le délai de protection d'une topographie court à partir de la première exploitation commerciale ou de {{la fixation si elle n'est jamais exploitée}}.;la fixation si elle n'est jamais exploitée|fixation;la fixation si elle n'est jamais exploitée;la fixation si elle n'est jamais exploitée|À partir du décès du créateur|À partir de la date de dépôt du brevet|À partir de la première action en justice
Droit des contrats informatiques;Chapitre 2 - La protection du logiciel (IP);Dans l'exemple de la puce RFID, que protège le droit des topographies ?;La configuration physique du circuit intégré et l'architecture logique gravée sur la puce;Le code embarqué et l'idée d'alerte automatique;Le principe du capteur thermique et les données logistiques;Le nom commercial de la startup et le contrat de vente;Revois le régime spécial attaché au support matériel.;Dans l'exemple, le droit des topographies protège l'agencement tridimensionnel des composants et l'architecture logique gravée sur la puce. Il ne protège pas toutes les fonctionnalités ou idées associées.;2;moyen;topographie|semi-conducteur|rfid|exemple;2.3 - Droit des topographies des produits semi-conducteurs;Dans l'exemple de la puce RFID, le droit des topographies protège {{la configuration physique du circuit intégré et l'architecture logique gravée sur la puce}}.;configuration physique et architecture logique gravée|configuration physique du circuit intégré|architecture logique gravée;la configuration physique du circuit intégré et l'architecture logique gravée sur la puce;la configuration physique du circuit intégré et l'architecture logique gravée sur la puce|Le code embarqué et l'idée d'alerte automatique|Le principe du capteur thermique et les données logistiques|Le nom commercial de la startup et le contrat de vente
Droit des contrats informatiques;Chapitre 2 - La protection du logiciel (IP);Dans l'exemple de la puce RFID, par quel droit le code embarqué peut-il plutôt être protégé ?;Par le droit d'auteur s'il est original;Par le droit des topographies uniquement;Par le droit des bases de données automatiquement;Par la règle de l'épuisement communautaire;Revois le régime spécial attaché au support matériel.;Le tableau du document indique que le code embarqué n'est pas protégé par le régime des topographies. Il peut plutôt relever du droit d'auteur s'il est original.;2;moyen;topographie|semi-conducteur|droit-auteur|code;2.3 - Droit des topographies des produits semi-conducteurs;Dans l'exemple de la puce RFID, le code embarqué peut être protégé par {{le droit d'auteur s'il est original}}.;droit d'auteur s'il est original|droit d'auteur|DA si original;le droit d'auteur s'il est original;le droit d'auteur s'il est original|Par le droit des topographies uniquement|Par le droit des bases de données automatiquement|Par la règle de l'épuisement communautaire
Droit des contrats informatiques;Chapitre 2 - La protection du logiciel (IP);Dans l'exemple de la puce RFID, comment le principe du capteur thermique peut-il être protégé ?;Par brevet s'il présente un effet technique et une nouveauté;Par le droit des topographies sans condition;Par le droit moral de divulgation;Par le droit des bases de données s'il est fixé;Revois le régime spécial attaché au support matériel.;Le tableau du document indique que le principe du capteur thermique n'est pas protégé par le régime des topographies. Il peut plutôt relever du brevet s'il présente un effet technique et une nouveauté.;3;avancé;topographie|semi-conducteur|brevet|capteur;2.3 - Droit des topographies des produits semi-conducteurs;Le principe du capteur thermique peut être protégé par {{brevet s'il présente un effet technique et une nouveauté}}.;brevet si effet technique et nouveauté|brevet|effet technique et nouveauté;brevet s'il présente un effet technique et une nouveauté;brevet s'il présente un effet technique et une nouveauté|Par le droit des topographies sans condition|Par le droit moral de divulgation|Par le droit des bases de données s'il est fixé
Droit des contrats informatiques;Chapitre 2 - La protection du logiciel (IP);Dans l'exemple de la puce RFID, l'idée d'alerte automatique est-elle protégeable en soi ?;Non, elle n'est pas protégeable en soi;Oui, toujours par le droit des topographies;Oui, automatiquement par le droit d'auteur;Oui, uniquement par le droit des bases de données;Revois le régime spécial attaché au support matériel.;Le tableau indique que l'idée d'alerte automatique n'est pas protégeable en soi. Cela illustre la limite des régimes de propriété intellectuelle face aux simples idées.;2;moyen;topographie|semi-conducteur|idee|limite;2.3 - Droit des topographies des produits semi-conducteurs;Dans l'exemple de la puce RFID, l'idée d'alerte automatique {{n'est pas protégeable en soi}}.;n'est pas protégeable en soi|non;n'est pas protégeable en soi;n'est pas protégeable en soi|Oui, toujours par le droit des topographies|Oui, automatiquement par le droit d'auteur|Oui, uniquement par le droit des bases de données
Droit des contrats informatiques;Chapitre 2 - La protection du logiciel (IP);Quel est l'objectif du régime des bases de données ?;Protéger les bases de données même lorsqu'elles ne sont pas originales au sens du droit d'auteur;Protéger uniquement les logiciels brevetables;Protéger les idées et les faits contenus dans une base;Remplacer totalement le droit d'auteur;-;Le régime vise à protéger les bases de données même lorsqu'elles ne sont pas originales au sens du droit d'auteur. Il protège surtout l'effort d'organisation et d'investissement.;1;facile;bases-de-donnees|objectif;2.3 - Droit des bases de données;Le régime des bases de données vise à protéger les bases même lorsqu'elles ne sont pas {{originales au sens du droit d'auteur}}.;originales au sens du droit d'auteur|originales;originales au sens du droit d'auteur;originales au sens du droit d'auteur|Protéger uniquement les logiciels brevetables|Protéger les idées et les faits contenus dans une base|Remplacer totalement le droit d'auteur
Droit des contrats informatiques;Chapitre 2 - La protection du logiciel (IP);Que protège le droit des bases de données ?;Le contenant, c'est-à-dire la structure, l'arrangement et l'effort d'organisation;Le contenu brut de la base;Les idées et les faits eux-mêmes;La créativité artistique des œuvres unitaires;-;Le droit des bases de données protège le contenant de la base. Cela vise la structure, l'arrangement et l'effort d'organisation.;1;facile;bases-de-donnees|objet-protection;2.3 - Droit des bases de données;Le droit des bases de données protège {{le contenant, c'est-à-dire la structure, l'arrangement et l'effort d'organisation}}.;contenant|structure arrangement effort d'organisation;le contenant, c'est-à-dire la structure, l'arrangement et l'effort d'organisation;le contenant, c'est-à-dire la structure, l'arrangement et l'effort d'organisation|Le contenu brut de la base|Les idées et les faits eux-mêmes|La créativité artistique des œuvres unitaires
Droit des contrats informatiques;Chapitre 2 - La protection du logiciel (IP);Que ne protège pas le droit des bases de données ?;Le contenu en tant que tel, les idées et les faits;La structure de classement;L'effort de compilation;L'organisation méthodique des éléments;-;Le document précise que le droit des bases de données ne protège ni le contenu en tant que tel, ni les idées, ni les faits. Il vise le contenant et l'investissement.;1;facile;bases-de-donnees|limite;2.3 - Droit des bases de données;Le droit des bases de données ne protège pas {{le contenu en tant que tel, les idées et les faits}}.;contenu idées faits|le contenu en tant que tel;le contenu en tant que tel, les idées et les faits;le contenu en tant que tel, les idées et les faits|La structure de classement|L'effort de compilation|L'organisation méthodique des éléments
Droit des contrats informatiques;Chapitre 2 - La protection du logiciel (IP);Quel investissement le droit des bases de données cherche-t-il à protéger ?;Le temps, l'argent et l'organisation technique;La seule créativité artistique;Le seul style graphique;La seule nouveauté brevetable;-;Le régime protège l'investissement consacré à la base. Le document mentionne le temps, l'argent et l'organisation technique.;1;facile;bases-de-donnees|investissement;2.3 - Droit des bases de données;Le droit des bases de données vise à protéger l'investissement en {{temps, argent et organisation technique}}.;temps argent organisation technique|temps argent et organisation;temps, argent et organisation technique;temps, argent et organisation technique|La seule créativité artistique|Le seul style graphique|La seule nouveauté brevetable
Droit des contrats informatiques;Chapitre 2 - La protection du logiciel (IP);Quelle directive définit le régime des bases de données mentionné dans le document ?;La directive 96/9/CE;La directive 2009/24/CE;La Convention de Berne;L'article 52 CBE;-;Le document indique que la définition légale vient de la directive 96/9/CE, transposée en Belgique. La directive 2009/24/CE concerne plutôt les programmes d'ordinateur.;1;facile;bases-de-donnees|directive;2.3 - Droit des bases de données;Le régime des bases de données mentionné dans le document vient de la {{directive 96/9/CE}}.;directive 96/9/CE|96/9/CE;directive 96/9/CE;directive 96/9/CE|La directive 2009/24/CE|La Convention de Berne|L'article 52 CBE
Droit des contrats informatiques;Chapitre 2 - La protection du logiciel (IP);Comment le document définit-il une base de données ?;Un recueil d'éléments indépendants, disposés systématiquement ou méthodiquement et individuellement accessibles;Une œuvre unitaire protégée pendant 70 ans;Une invention technique nouvelle et inventive;Un logiciel considéré en tant que tel;Revois la différence entre structure et investissement.;La définition légale vise un recueil d'oeuvres, de données ou d'autres éléments indépendants. Ces éléments doivent être disposés de manière systématique ou méthodique et être individuellement accessibles.;2;moyen;bases-de-donnees|definition;2.3 - Droit des bases de données;Une base de données est un recueil d'éléments indépendants, disposés systématiquement ou méthodiquement et {{individuellement accessibles}}.;individuellement accessibles|accessibles individuellement;individuellement accessibles;individuellement accessibles|Une œuvre unitaire protégée pendant 70 ans|Une invention technique nouvelle et inventive|Un logiciel considéré en tant que tel
Droit des contrats informatiques;Chapitre 2 - La protection du logiciel (IP);Quelles sont les trois conditions cumulatives de protection d'une base de données ?;Une structure ou forme de classement, l'indépendance des éléments et l'accessibilité individuelle;La nouveauté, l'activité inventive et l'application industrielle;L'originalité, la divulgation et le dépôt;La fixation, la banalité et l'exploitation commerciale;Revois la différence entre structure et investissement.;Le document présente trois conditions cumulatives : une structure ou forme de classement, l'indépendance des éléments et l'accessibilité individuelle. Ces conditions permettent d'identifier une véritable base de données.;2;moyen;bases-de-donnees|conditions;2.3 - Droit des bases de données;Les trois conditions sont la structure ou forme de classement, l'indépendance des éléments et {{l'accessibilité individuelle}}.;accessibilité individuelle|structure indépendance accessibilité;l'accessibilité individuelle;l'accessibilité individuelle|La nouveauté, l'activité inventive et l'application industrielle|L'originalité, la divulgation et le dépôt|La fixation, la banalité et l'exploitation commerciale
Droit des contrats informatiques;Chapitre 2 - La protection du logiciel (IP);Que signifie la condition de structure ou de forme de classement pour une base de données ?;La présence d'une arborescence, de catégories ou d'un moteur de recherche;La présence obligatoire d'un brevet;La présence d'un code source original;La présence d'une seule œuvre continue;-;La condition de structure ou de classement suppose une organisation des éléments. Le document donne comme exemples une arborescence, des catégories ou un moteur de recherche.;1;facile;bases-de-donnees|structure|classement;2.3 - Droit des bases de données;La structure ou forme de classement peut prendre la forme d'une arborescence, de catégories ou {{d'un moteur de recherche}}.;moteur de recherche|arborescence catégories moteur de recherche;d'un moteur de recherche;d'un moteur de recherche|La présence obligatoire d'un brevet|La présence d'un code source original|La présence d'une seule œuvre continue
Droit des contrats informatiques;Chapitre 2 - La protection du logiciel (IP);Que signifie l'indépendance des éléments dans une base de données ?;Chaque élément peut être isolé;Tous les éléments doivent former une seule œuvre continue;Chaque élément doit être breveté séparément;Aucun élément ne doit être consultable individuellement;-;L'indépendance signifie que chaque élément peut être isolé. Le tableau donne l'exemple de fiches séparées, comme un film ou un roman dans une base.;1;facile;bases-de-donnees|independance;2.3 - Droit des bases de données;Dans une base de données, l'indépendance signifie que chaque élément peut être {{isolé}}.;isolé|être isolé;isolé;isolé|Tous les éléments doivent former une seule œuvre continue|Chaque élément doit être breveté séparément|Aucun élément ne doit être consultable individuellement
Droit des contrats informatiques;Chapitre 2 - La protection du logiciel (IP);Que signifie l'accessibilité individuelle dans une base de données ?;Chaque item est consultable séparément;La base doit être uniquement accessible en ligne;La base doit être inaccessible au public;Chaque item doit être fusionné dans une œuvre unique;-;L'accessibilité individuelle signifie que chaque item peut être consulté séparément. Le document donne comme exemples une fiche client, une image ou un article.;1;facile;bases-de-donnees|accessibilite;2.3 - Droit des bases de données;L'accessibilité individuelle signifie que chaque item est {{consultable séparément}}.;consultable séparément|accessible séparément;consultable séparément;consultable séparément|La base doit être uniquement accessible en ligne|La base doit être inaccessible au public|Chaque item doit être fusionné dans une œuvre unique
Droit des contrats informatiques;Chapitre 2 - La protection du logiciel (IP);Quels éléments sont non pertinents pour la protection d'une base de données ?;Le nombre d'éléments, la nature, l'origine et le support;La structure, l'indépendance et l'accessibilité;La classification, l'arborescence et le moteur de recherche;L'extraction, la réutilisation et la partie substantielle;Revois la différence entre structure et investissement.;Le document précise que le nombre d'éléments, la nature des éléments, leur origine et le support sont non pertinents. Une base peut donc être textuelle, sonore, publique, privée, papier, numérique, en ligne ou hors ligne.;2;moyen;bases-de-donnees|conditions|non-pertinent;2.3 - Droit des bases de données;Pour la protection d'une base de données, le nombre d'éléments, la nature, l'origine et {{le support}} sont non pertinents.;support|nombre nature origine support;le support;le support|La structure, l'indépendance et l'accessibilité|La classification, l'arborescence et le moteur de recherche|L'extraction, la réutilisation et la partie substantielle
Droit des contrats informatiques;Chapitre 2 - La protection du logiciel (IP);Quelle est la durée de protection d'une base de données ?;15 ans à partir de la création ou de la mise à disposition du public;10 ans à partir de la fixation;20 ans à partir du dépôt;70 ans après le décès de l'auteur;-;La protection dure 15 ans. Le délai court à partir de la date de création ou de la mise à disposition du public.;1;facile;bases-de-donnees|duree;2.3 - Droit des bases de données;Une base de données est protégée pendant {{15 ans à partir de la création ou de la mise à disposition du public}}.;15 ans|quinze ans;15 ans à partir de la création ou de la mise à disposition du public;15 ans à partir de la création ou de la mise à disposition du public|10 ans à partir de la fixation|20 ans à partir du dépôt|70 ans après le décès de l'auteur
Droit des contrats informatiques;Chapitre 2 - La protection du logiciel (IP);Qu'est-ce qui peut remettre à zéro le délai de protection d'une base de données ?;Une mise à jour substantielle;Une simple consultation par un utilisateur;Une revente de la base dans l'Union européenne;Une action en contrefaçon;Revois la différence entre structure et investissement.;Le document indique qu'une mise à jour substantielle remet le délai à zéro. Cela permet une nouvelle période de protection lorsque l'investissement dans la base est renouvelé de manière importante.;2;moyen;bases-de-donnees|duree|mise-a-jour;2.3 - Droit des bases de données;Le délai de protection d'une base de données peut être remis à zéro par {{une mise à jour substantielle}}.;mise à jour substantielle|update substantiel;une mise à jour substantielle;une mise à jour substantielle|Une simple consultation par un utilisateur|Une revente de la base dans l'Union européenne|Une action en contrefaçon
Droit des contrats informatiques;Chapitre 2 - La protection du logiciel (IP);Quel droit le droit sui generis confère-t-il au producteur d'une base de données ?;Interdire l'extraction ou la réutilisation de tout ou partie substantielle de la base sans autorisation;Interdire toute lecture privée de la base;Interdire toute idée inspirée par la base;Interdire uniquement la reproduction du code source;Revois la différence entre structure et investissement.;Le producteur peut interdire l'extraction ou la réutilisation non autorisée de tout ou partie substantielle de la base. Ce droit vise à protéger l'investissement réalisé dans la constitution de la base.;2;moyen;bases-de-donnees|droit-sui-generis|producteur;2.3 - Droit des bases de données;Le producteur peut interdire {{l'extraction ou la réutilisation de tout ou partie substantielle de la base sans autorisation}}.;extraction ou réutilisation|extraction|réutilisation;l'extraction ou la réutilisation de tout ou partie substantielle de la base sans autorisation;l'extraction ou la réutilisation de tout ou partie substantielle de la base sans autorisation|Interdire toute lecture privée de la base|Interdire toute idée inspirée par la base|Interdire uniquement la reproduction du code source
Droit des contrats informatiques;Chapitre 2 - La protection du logiciel (IP);Donne un exemple de base de données protégée selon le document.;Une bibliographie structurée de publications scientifiques;Un film;Un roman;Une œuvre musicale;-;Le document cite notamment une bibliographie structurée de publications scientifiques comme exemple de base protégée. Ce type d'ensemble repose sur une organisation et des éléments individuellement accessibles.;1;facile;bases-de-donnees|exemple|protege;2.3 - Droit des bases de données;Un exemple de base de données protégée est {{une bibliographie structurée de publications scientifiques}}.;bibliographie structurée|bibliographie structurée de publications scientifiques;une bibliographie structurée de publications scientifiques;une bibliographie structurée de publications scientifiques|Un film|Un roman|Une œuvre musicale
Droit des contrats informatiques;Chapitre 2 - La protection du logiciel (IP);Pourquoi un annuaire téléphonique trié alphabétiquement peut-il être protégé par le droit des bases de données ?;Parce qu'il organise des éléments indépendants accessibles individuellement, même sans originalité;Parce qu'il est automatiquement brevetable;Parce qu'il protège les numéros comme des idées originales;Parce qu'il est une œuvre musicale unitaire;Revois la différence entre structure et investissement.;Le document cite l'annuaire téléphonique alphabétique comme base protégeable même sans originalité. Sa protection vient de l'organisation et de l'accessibilité individuelle des éléments.;2;moyen;bases-de-donnees|exemple|annuaire;2.3 - Droit des bases de données;Un annuaire téléphonique trié alphabétiquement peut être protégé car il organise des éléments indépendants {{accessibles individuellement}}.;accessibles individuellement|individuellement accessibles;accessibles individuellement;accessibles individuellement|Parce qu'il est automatiquement brevetable|Parce qu'il protège les numéros comme des idées originales|Parce qu'il est une œuvre musicale unitaire
Droit des contrats informatiques;Chapitre 2 - La protection du logiciel (IP);Pourquoi un film, un roman ou une œuvre musicale ne sont-ils pas protégeables par le régime des bases de données ?;Parce que ce sont des œuvres unitaires et non des bases;Parce qu'ils contiennent trop d'éléments indépendants;Parce qu'ils sont toujours des brevets;Parce qu'ils relèvent uniquement des topographies;Revois la différence entre structure et investissement.;Le document classe le film, le roman et l'oeuvre musicale parmi les éléments non protégeables par ce régime. Ce sont des œuvres unitaires, pas des bases de données.;2;moyen;bases-de-donnees|limite|oeuvre-unitaire;2.3 - Droit des bases de données;Un film, un roman ou une œuvre musicale ne relèvent pas du régime des bases car ce sont {{des œuvres unitaires}}.;œuvres unitaires|oeuvres unitaires;des œuvres unitaires;des œuvres unitaires|Parce qu'ils contiennent trop d'éléments indépendants|Parce qu'ils sont toujours des brevets|Parce qu'ils relèvent uniquement des topographies
Droit des contrats informatiques;Chapitre 2 - La protection du logiciel (IP);Pourquoi un CD audio ou un film sur DVD n'est-il pas protégé comme base de données selon le document ?;Parce qu'il ne contient pas des éléments indépendants accessibles un par un;Parce qu'il est automatiquement protégé comme topographie;Parce qu'il contient nécessairement un logiciel brevetable;Parce que le support numérique est exclu du régime;Revois la différence entre structure et investissement.;Le document indique qu'un CD audio ou un film sur DVD ne constitue pas une base de données. Il ne contient pas des éléments indépendants accessibles un par un.;2;moyen;bases-de-donnees|support|limite;2.3 - Droit des bases de données;Un CD audio ou un film sur DVD n'est pas une base de données car il ne contient pas {{des éléments indépendants accessibles un par un}}.;éléments indépendants accessibles un par un|elements indépendants accessibles séparément;des éléments indépendants accessibles un par un;des éléments indépendants accessibles un par un|Parce qu'il est automatiquement protégé comme topographie|Parce qu'il contient nécessairement un logiciel brevetable|Parce que le support numérique est exclu du régime
Droit des contrats informatiques;Chapitre 2 - La protection du logiciel (IP);Quelle est la conclusion du document sur le droit des bases de données ?;Il protège la structure et l'effort de compilation, mais pas le contenu brut ni la créativité artistique;Il protège uniquement le contenu brut et les idées;Il remplace totalement le droit d'auteur;Il protège seulement les inventions techniques nouvelles;Revois la différence entre structure et investissement.;La conclusion indique que le droit des bases de données protège la structure et l'effort de compilation. Il ne protège pas le contenu brut ni la créativité artistique.;2;moyen;bases-de-donnees|conclusion;2.3 - Droit des bases de données;Le droit des bases de données protège la structure et l'effort de compilation, mais pas {{le contenu brut ni la créativité artistique}}.;contenu brut ni créativité artistique|contenu brut|créativité artistique;le contenu brut ni la créativité artistique;le contenu brut ni la créativité artistique|Il protège uniquement le contenu brut et les idées|Il remplace totalement le droit d'auteur|Il protège seulement les inventions techniques nouvelles
Droit des contrats informatiques;Chapitre 2 - La protection du logiciel (IP);Le droit des bases de données remplace-t-il le droit d'auteur ?;Non, il le complète sans le remplacer;Oui, il remplace toujours le droit d'auteur;Oui, mais seulement pour les logiciels;Non, il est totalement sans lien avec le droit d'auteur;-;Le document conclut que le droit des bases de données complète le droit d'auteur. Il ne le remplace pas.;1;facile;bases-de-donnees|droit-auteur|complement;2.3 - Droit des bases de données;Le droit des bases de données {{complète le droit d'auteur sans le remplacer}}.;complète le droit d'auteur sans le remplacer|ne le remplace pas|complète le droit d'auteur;complète le droit d'auteur sans le remplacer;complète le droit d'auteur sans le remplacer|Oui, il remplace toujours le droit d'auteur|Oui, mais seulement pour les logiciels|Non, il est totalement sans lien avec le droit d'auteur
