collection;deck;question;correct_answer;wrong_answer_1;wrong_answer_2;wrong_answer_3;hint;explanation;level;difficulty;tags;source;cloze_text;accepted_answers;cloze_answers;cloze_word_bank
Droit des contrats informatiques;Chapitre 3 - La responsabilité des hébergeurs de contenu;Quel est le thème central du chapitre 3 ?;La responsabilité des hébergeurs de contenu;La protection des bases de données personnelles;La fiscalité européenne des plateformes numériques;La responsabilité contractuelle des fournisseurs de logiciels;-;Le chapitre 3 porte sur la responsabilité des hébergeurs de contenu, dans le contexte du droit d’auteur et de la régulation numérique.;1;facile;introduction|responsabilite|hebergeurs;Chapitre 3 - p. 1;Le chapitre 3 porte sur {{la responsabilité des hébergeurs de contenu}}.;responsabilité des hébergeurs de contenu|la responsabilité des hébergeurs de contenu;la responsabilité des hébergeurs de contenu;la responsabilité des hébergeurs de contenu|La protection des bases de données personnelles|La fiscalité européenne des plateformes numériques|La responsabilité contractuelle des fournisseurs de logiciels
Droit des contrats informatiques;Chapitre 3 - La responsabilité des hébergeurs de contenu;Comment Internet a-t-il longtemps été perçu juridiquement ?;Comme un no man’s land juridique;Comme un espace déjà entièrement réglementé;Comme un service public contrôlé par les États;Comme un réseau réservé aux opérateurs techniques;-;Le document indique qu’Internet a longtemps été perçu comme un no man’s land juridique, avant de devenir un enjeu central de régulation numérique.;1;facile;internet|regulation;Chapitre 3 - p. 2;Internet a longtemps été perçu comme {{un no man’s land juridique}}.;no man’s land juridique|no man's land juridique;un no man’s land juridique;un no man’s land juridique|Comme un espace déjà entièrement réglementé|Comme un service public contrôlé par les États|Comme un réseau réservé aux opérateurs techniques
Droit des contrats informatiques;Chapitre 3 - La responsabilité des hébergeurs de contenu;Pourquoi Internet est-il devenu un enjeu central de régulation numérique ?;Parce qu’il est devenu un vecteur massif d’atteintes aux droits d’auteur;Parce qu’il empêche toute circulation de contenus protégés;Parce qu’il supprime automatiquement les contenus illicites;Parce qu’il réserve la publication aux titulaires de droits;Pense aux partages illicites, au streaming illégal et au plagiat.;Internet facilite des atteintes comme les partages illicites, le streaming illégal et le plagiat. Cela explique pourquoi il est devenu un enjeu central de régulation.;2;moyen;internet|droit-auteur|atteintes;Chapitre 3 - p. 2;Internet est devenu un enjeu de régulation car il est un vecteur massif {{d’atteintes aux droits d’auteur}}.;atteintes aux droits d’auteur|atteintes au droit d’auteur;d’atteintes aux droits d’auteur;d’atteintes aux droits d’auteur|Parce qu’il empêche toute circulation de contenus protégés|Parce qu’il supprime automatiquement les contenus illicites|Parce qu’il réserve la publication aux titulaires de droits
Droit des contrats informatiques;Chapitre 3 - La responsabilité des hébergeurs de contenu;Quel est l’objectif des législations modernes face au droit d’auteur en ligne ?;Circonscrire les atteintes aux droits d’auteur sans bloquer l’innovation numérique;Bloquer l’innovation numérique pour empêcher toute atteinte possible;Rendre les utilisateurs responsables de chaque contenu automatiquement;Supprimer le rôle des intermédiaires techniques dans la régulation;L’objectif combine protection des droits et innovation.;Les législations modernes recherchent un équilibre : limiter les atteintes aux droits d’auteur sans bloquer l’innovation numérique.;2;moyen;droit-auteur|innovation|regulation;Chapitre 3 - p. 2;Les législations modernes visent à {{circonscrire les atteintes aux droits d’auteur sans bloquer l’innovation numérique}}.;circonscrire les atteintes aux droits d’auteur sans bloquer l’innovation numérique|limiter les atteintes sans bloquer l’innovation;circonscrire les atteintes aux droits d’auteur sans bloquer l’innovation numérique;circonscrire les atteintes aux droits d’auteur sans bloquer l’innovation numérique|Bloquer l’innovation numérique pour empêcher toute atteinte possible|Rendre les utilisateurs responsables de chaque contenu automatiquement|Supprimer le rôle des intermédiaires techniques dans la régulation
Droit des contrats informatiques;Chapitre 3 - La responsabilité des hébergeurs de contenu;Quelle stratégie les législations modernes utilisent-elles pour réguler les atteintes en ligne ?;Cibler les intermédiaires techniques;Contrôler uniquement les utilisateurs finaux;Écarter les hébergeurs de toute régulation;Confier toute régulation aux titulaires de droits;Regarde les acteurs comme les hébergeurs et plateformes.;La stratégie consiste à cibler les intermédiaires techniques, notamment les hébergeurs, plateformes, moteurs de recherche et fournisseurs d’accès.;2;moyen;intermediaires|strategie;Chapitre 3 - p. 2;La stratégie consiste à {{cibler les intermédiaires techniques}}.;cibler les intermédiaires techniques|viser les intermédiaires techniques;cibler les intermédiaires techniques;cibler les intermédiaires techniques|Contrôler uniquement les utilisateurs finaux|Écarter les hébergeurs de toute régulation|Confier toute régulation aux titulaires de droits
Droit des contrats informatiques;Chapitre 3 - La responsabilité des hébergeurs de contenu;Quels acteurs sont cités comme intermédiaires techniques ?;Hébergeurs, plateformes, moteurs de recherche et fournisseurs d’accès;Auteurs, interprètes, éditeurs de presse et journalistes;Tribunaux, notaires, autorités fiscales et administrations locales;Consommateurs, annonceurs, vendeurs et influenceurs uniquement;Pense aux acteurs qui rendent techniquement possible l’accès aux contenus.;Le document cite les hébergeurs, plateformes, moteurs de recherche et fournisseurs d’accès comme intermédiaires techniques ciblés.;2;moyen;intermediaires|acteurs;Chapitre 3 - p. 2;Les intermédiaires techniques cités sont les {{hébergeurs, plateformes, moteurs de recherche et fournisseurs d’accès}}.;hébergeurs, plateformes, moteurs de recherche et fournisseurs d’accès;hébergeurs, plateformes, moteurs de recherche et fournisseurs d’accès;hébergeurs, plateformes, moteurs de recherche et fournisseurs d’accès|Auteurs, interprètes, éditeurs de presse et journalistes|Tribunaux, notaires, autorités fiscales et administrations locales|Consommateurs, annonceurs, vendeurs et influenceurs uniquement
Droit des contrats informatiques;Chapitre 3 - La responsabilité des hébergeurs de contenu;Quelle loi américaine est présentée comme le modèle fondateur ?;Le Digital Millennium Copyright Act de 1998;Le Digital Services Act de 2022;La directive e-commerce de 2000;La directive 2019/790/UE;-;Le document présente le Digital Millennium Copyright Act, adopté en 1998, comme le modèle fondateur.;1;facile;dmca|modele;Chapitre 3 - p. 3;Le modèle fondateur est le {{Digital Millennium Copyright Act de 1998}}.;Digital Millennium Copyright Act de 1998|DMCA de 1998|DMCA;Digital Millennium Copyright Act de 1998;Digital Millennium Copyright Act de 1998|Le Digital Services Act de 2022|La directive e-commerce de 2000|La directive 2019/790/UE
Droit des contrats informatiques;Chapitre 3 - La responsabilité des hébergeurs de contenu;Que signifie l’abréviation DMCA ?;Digital Millennium Copyright Act;Digital Market Copyright Authority;Digital Media Control Agreement;Data Moderation Copyright Act;-;Le document explicite DMCA comme Digital Millennium Copyright Act.;1;facile;dmca|definition;Chapitre 3 - p. 3;DMCA signifie {{Digital Millennium Copyright Act}}.;Digital Millennium Copyright Act|DMCA;Digital Millennium Copyright Act;Digital Millennium Copyright Act|Digital Market Copyright Authority|Digital Media Control Agreement|Data Moderation Copyright Act
Droit des contrats informatiques;Chapitre 3 - La responsabilité des hébergeurs de contenu;Quel système la DMCA instaure-t-elle ?;Un système de safe harbor;Un système de responsabilité automatique;Un système d’interdiction générale d’hébergement;Un système de filtrage judiciaire préalable;-;La DMCA instaure un système de safe harbor, permettant une exemption de responsabilité à certaines conditions.;1;facile;dmca|safe-harbor;Chapitre 3 - p. 3;La DMCA instaure un système de {{safe harbor}}.;safe harbor|exonération conditionnelle;safe harbor;safe harbor|Un système de responsabilité automatique|Un système d’interdiction générale d’hébergement|Un système de filtrage judiciaire préalable
Droit des contrats informatiques;Chapitre 3 - La responsabilité des hébergeurs de contenu;Dans la DMCA, à quoi sert le safe harbor ?;À exempter les prestataires de responsabilité à certaines conditions;À rendre les prestataires toujours responsables des contenus publiés;À interdire la coopération avec les titulaires de droits;À supprimer toute notification des contenus illicites;Revois la logique d’exemption conditionnelle.;Le safe harbor permet aux prestataires d’être exemptés de responsabilité s’ils respectent certaines conditions, comme l’absence de connaissance et le retrait prompt.;2;moyen;dmca|safe-harbor|exoneration;Chapitre 3 - p. 3;Le safe harbor sert à {{exempter les prestataires de responsabilité à certaines conditions}}.;exempter les prestataires de responsabilité à certaines conditions|exemption de responsabilité conditionnelle;exempter les prestataires de responsabilité à certaines conditions;exempter les prestataires de responsabilité à certaines conditions|À rendre les prestataires toujours responsables des contenus publiés|À interdire la coopération avec les titulaires de droits|À supprimer toute notification des contenus illicites
Droit des contrats informatiques;Chapitre 3 - La responsabilité des hébergeurs de contenu;Quelle condition de connaissance est exigée par la DMCA pour bénéficier du safe harbor ?;Ne pas avoir connaissance des contenus illicites;Contrôler tous les contenus avant leur mise en ligne;Ignorer les notifications des titulaires de droits;Valider juridiquement chaque contenu publié;La condition porte sur la connaissance de l’illicéité.;La DMCA exige notamment que les prestataires n’aient pas connaissance des contenus illicites.;2;moyen;dmca|connaissance;Chapitre 3 - p. 3;Pour bénéficier du safe harbor, le prestataire ne doit pas avoir {{connaissance des contenus illicites}}.;connaissance des contenus illicites|connaissance de contenus illicites;connaissance des contenus illicites;connaissance des contenus illicites|Contrôler tous les contenus avant leur mise en ligne|Ignorer les notifications des titulaires de droits|Valider juridiquement chaque contenu publié
Droit des contrats informatiques;Chapitre 3 - La responsabilité des hébergeurs de contenu;Que doit faire un prestataire après notification selon la DMCA ?;Agir promptement pour retirer le contenu;Attendre une décision européenne obligatoire;Maintenir le contenu jusqu’à une plainte judiciaire;Transférer le contenu vers un autre serveur;Pense à la réaction attendue après notification.;La DMCA exige que le prestataire agisse promptement pour retirer le contenu après notification.;2;moyen;dmca|notification|retrait;Chapitre 3 - p. 3;Après notification, le prestataire doit {{agir promptement pour retirer le contenu}}.;agir promptement pour retirer le contenu|retirer rapidement le contenu;agir promptement pour retirer le contenu;agir promptement pour retirer le contenu|Attendre une décision européenne obligatoire|Maintenir le contenu jusqu’à une plainte judiciaire|Transférer le contenu vers un autre serveur
Droit des contrats informatiques;Chapitre 3 - La responsabilité des hébergeurs de contenu;Quelle influence la DMCA a-t-elle eue sur le modèle européen ?;Elle a inspiré le modèle européen de responsabilité limitée des hébergeurs;Elle a remplacé directement les directives européennes;Elle a supprimé le régime européen de notice and action;Elle a imposé une responsabilité pénale uniforme aux hébergeurs;Regarde la directive e-commerce et le DSA.;La logique de la DMCA a inspiré le modèle européen de responsabilité limitée des hébergeurs, notamment la directive e-commerce puis le DSA.;2;moyen;dmca|europe|hebergeurs;Chapitre 3 - p. 3;La logique de la DMCA a inspiré {{le modèle européen de responsabilité limitée des hébergeurs}}.;modèle européen de responsabilité limitée des hébergeurs|responsabilité limitée des hébergeurs;le modèle européen de responsabilité limitée des hébergeurs;le modèle européen de responsabilité limitée des hébergeurs|Elle a remplacé directement les directives européennes|Elle a supprimé le régime européen de notice and action|Elle a imposé une responsabilité pénale uniforme aux hébergeurs
Droit des contrats informatiques;Chapitre 3 - La responsabilité des hébergeurs de contenu;Quelle directive européenne fonde le régime de responsabilité limitée des prestataires techniques ?;La directive 2000/31/CE sur le commerce électronique;La directive 2001/29/CE sur la société de l'information;La directive 2019/790/UE sur le marché unique numérique;Le Digital Services Act adopté en octobre 2022;-;La directive sur le commerce électronique prévoit aux articles 12 à 15 un régime de responsabilité limitée des prestataires techniques.;1;facile;directive-ecommerce|responsabilite;Chapitre 3 - p. 4;Le régime de responsabilité limitée vient de la {{directive 2000/31/CE sur le commerce électronique}}.;directive 2000/31/CE|directive e-commerce|directive commerce électronique;directive 2000/31/CE sur le commerce électronique;directive 2000/31/CE sur le commerce électronique|La directive 2001/29/CE sur la société de l'information|La directive 2019/790/UE sur le marché unique numérique|Le Digital Services Act adopté en octobre 2022
Droit des contrats informatiques;Chapitre 3 - La responsabilité des hébergeurs de contenu;Quels articles de la directive e-commerce concernent la responsabilité limitée ?;Les articles 12 à 15;Les articles 4 à 6;Les articles 19 à 28;Les articles 33 à 43;-;Le document indique que les articles 12 à 15 de la directive e-commerce encadrent la responsabilité limitée.;1;facile;directive-ecommerce|articles;Chapitre 3 - p. 4;Les articles {{12 à 15}} de la directive e-commerce concernent la responsabilité limitée.;12 à 15|articles 12 à 15|12-15;12 à 15;12 à 15|Les articles 4 à 6|Les articles 19 à 28|Les articles 33 à 43
Droit des contrats informatiques;Chapitre 3 - La responsabilité des hébergeurs de contenu;Par quelle loi la directive e-commerce a-t-elle été transposée en Belgique ?;La loi du 11 mars 2003 sur certains aspects juridiques des services de la société de l'information;La loi du 22 mai 2001 relative aux droits voisins des éditeurs de presse;La loi du 17 février 2024 sur les coordinateurs des services numériques;La loi du 8 juin 2000 relative aux plateformes de partage de contenus;Revois la LSSI mentionnée dans le document.;La directive e-commerce a été transposée en droit belge par la loi du 11 mars 2003, appelée LSSI dans le document.;2;moyen;belgique|lssi|directive-ecommerce;Chapitre 3 - p. 4;En Belgique, la directive e-commerce a été transposée par {{la loi du 11 mars 2003}}.;loi du 11 mars 2003|LSSI|loi du 11 mars 2003 sur certains aspects juridiques des services de la société de l'information;la loi du 11 mars 2003;la loi du 11 mars 2003|La loi du 22 mai 2001 relative aux droits voisins des éditeurs de presse|La loi du 17 février 2024 sur les coordinateurs des services numériques|La loi du 8 juin 2000 relative aux plateformes de partage de contenus
Droit des contrats informatiques;Chapitre 3 - La responsabilité des hébergeurs de contenu;Quels articles de la LSSI belge correspondent au régime de responsabilité limitée ?;Les articles 18 à 21;Les articles 12 à 15;Les articles 19 à 28;Les articles 33 à 43;-;Le document précise que la transposition belge se trouve aux articles 18 à 21 de la LSSI, dans le chapitre 6.;1;facile;belgique|lssi|articles;Chapitre 3 - p. 4;Le régime belge correspondant se trouve aux articles {{18 à 21}} de la LSSI.;18 à 21|articles 18 à 21|18-21;18 à 21;18 à 21|Les articles 12 à 15|Les articles 19 à 28|Les articles 33 à 43
Droit des contrats informatiques;Chapitre 3 - La responsabilité des hébergeurs de contenu;Quelle est la règle de base pour les intermédiaires selon le cadre européen initial ?;Ils ne sont pas responsables des contenus stockés ou transmis, sauf connaissance de l’illicéité et absence d’action prompte;Ils sont toujours responsables des contenus stockés ou transmis, même sans connaissance;Ils ne sont jamais responsables, même après notification correcte;Ils sont responsables uniquement après plainte d’un concurrent commercial;La règle combine irresponsabilité de principe et exception.;Les intermédiaires ne sont pas responsables en principe, mais cette protection tombe s’ils connaissaient l’illicéité et n’ont pas agi promptement.;3;avancé;responsabilite|intermediaires|connaissance;Chapitre 3 - p. 4;Les intermédiaires ne sont pas responsables, sauf s’ils avaient {{connaissance de l’illicéité et n’ont pas agi promptement}}.;connaissance de l’illicéité et n’ont pas agi promptement|connaissance du caractère illicite et absence d’action prompte;connaissance de l’illicéité et n’ont pas agi promptement;connaissance de l’illicéité et n’ont pas agi promptement|Ils sont toujours responsables des contenus stockés ou transmis, même sans connaissance|Ils ne sont jamais responsables, même après notification correcte|Ils sont responsables uniquement après plainte d’un concurrent commercial
Droit des contrats informatiques;Chapitre 3 - La responsabilité des hébergeurs de contenu;Quel est l’objectif de la directive 2001/29/CE ?;Adapter le droit d’auteur à l’environnement numérique;Moderniser les sanctions fiscales des plateformes;Créer un régime unique pour les coordinateurs nationaux;Remplacer le DSA dans la modération de contenu;-;La directive 2001/29/CE vise à adapter le droit d’auteur à l’environnement numérique.;1;facile;directive-2001-29|droit-auteur;Chapitre 3 - p. 5;La directive 2001/29/CE vise à {{adapter le droit d’auteur à l’environnement numérique}}.;adapter le droit d’auteur à l’environnement numérique;adapter le droit d’auteur à l’environnement numérique;adapter le droit d’auteur à l’environnement numérique|Moderniser les sanctions fiscales des plateformes|Créer un régime unique pour les coordinateurs nationaux|Remplacer le DSA dans la modération de contenu
Droit des contrats informatiques;Chapitre 3 - La responsabilité des hébergeurs de contenu;Quelle notion est notamment introduite par la directive 2001/29/CE ?;La communication au public;La très grande plateforme en ligne;Le coordinateur des services numériques;Le représentant légal européen;-;Le document indique que la directive 2001/29/CE introduit notamment la notion de communication au public et les mesures techniques de protection.;1;facile;directive-2001-29|communication-au-public;Chapitre 3 - p. 5;La directive 2001/29/CE introduit notamment {{la communication au public}}.;communication au public|la communication au public;la communication au public;la communication au public|La très grande plateforme en ligne|Le coordinateur des services numériques|Le représentant légal européen
Droit des contrats informatiques;Chapitre 3 - La responsabilité des hébergeurs de contenu;À quels prestataires la directive 2001/29/CE peut-elle aussi s’appliquer ?;Aux prestataires qui facilitent la mise en ligne ou l’accès à des contenus protégés;Aux seuls fournisseurs d’accès qui créent eux-mêmes des contenus protégés;Aux uniquement utilisateurs finaux qui achètent des œuvres numériques;Aux tribunaux chargés d’autoriser la publication des contenus;Pense aux acteurs qui facilitent l’accès ou la mise en ligne.;La directive s’applique aussi aux prestataires qui facilitent la mise en ligne ou l’accès à des contenus protégés.;2;moyen;directive-2001-29|prestataires|contenus-proteges;Chapitre 3 - p. 5;La directive s’applique aussi aux prestataires qui {{facilitent la mise en ligne ou l’accès à des contenus protégés}}.;facilitent la mise en ligne ou l’accès à des contenus protégés;facilitent la mise en ligne ou l’accès à des contenus protégés;facilitent la mise en ligne ou l’accès à des contenus protégés|Aux seuls fournisseurs d’accès qui créent eux-mêmes des contenus protégés|Aux uniquement utilisateurs finaux qui achètent des œuvres numériques|Aux tribunaux chargés d’autoriser la publication des contenus
Droit des contrats informatiques;Chapitre 3 - La responsabilité des hébergeurs de contenu;Quel est le dilemme réglementaire lié aux intermédiaires numériques ?;Protéger les titulaires de droits sans favoriser une censure privée excessive;Supprimer tout contrôle des plateformes pour préserver leur liberté commerciale;Responsabiliser uniquement les créateurs sans protéger les utilisateurs;Interdire les contenus protégés pour garantir un Internet fermé;Le dilemme oppose protection et liberté.;Le document présente un équilibre difficile : mobiliser les intermédiaires contre les atteintes au droit d’auteur sans les pousser à une censure privée excessive.;3;avancé;dilemme|censure|droits-auteur;Chapitre 3 - p. 6;Le dilemme consiste à protéger les droits sans conduire à {{une censure privée excessive}}.;censure privée excessive|une censure privée excessive;une censure privée excessive;une censure privée excessive|Supprimer tout contrôle des plateformes pour préserver leur liberté commerciale|Responsabiliser uniquement les créateurs sans protéger les utilisateurs|Interdire les contenus protégés pour garantir un Internet fermé
Droit des contrats informatiques;Chapitre 3 - La responsabilité des hébergeurs de contenu;Quel équilibre faut-il rechercher dans la régulation des intermédiaires ?;Entre la protection des titulaires de droits et la préservation d’un Internet libre, pluraliste et accessible;Entre la suppression des plateformes et la disparition des droits des créateurs;Entre le pouvoir des annonceurs et la limitation des données personnelles;Entre la fiscalité numérique et la fermeture des réseaux sociaux;Le document cite deux valeurs à équilibrer.;L’enjeu est d’équilibrer la protection des titulaires de droits et la préservation d’un Internet libre, pluraliste et accessible.;2;moyen;equilibre|droits-auteur|internet-libre;Chapitre 3 - p. 6;La régulation doit préserver {{un Internet libre, pluraliste et accessible}} tout en protégeant les droits.;Internet libre, pluraliste et accessible|un Internet libre, pluraliste et accessible;un Internet libre, pluraliste et accessible;un Internet libre, pluraliste et accessible|Entre la suppression des plateformes et la disparition des droits des créateurs|Entre le pouvoir des annonceurs et la limitation des données personnelles|Entre la fiscalité numérique et la fermeture des réseaux sociaux
Droit des contrats informatiques;Chapitre 3 - La responsabilité des hébergeurs de contenu;Pourquoi les règles européennes des années 2010 étaient-elles jugées inadaptées ?;Elles étaient inadaptées à l’économie numérique et à la circulation massive de contenus;Elles interdisaient déjà toute circulation de contenus sur Internet;Elles donnaient une rémunération excessive aux créateurs et éditeurs;Elles supprimaient toutes les obligations des grandes plateformes;Pense au Web 2.0 et aux contenus massivement partagés.;Le document explique que les règles étaient considérées comme inadaptées à l’économie numérique, notamment à la circulation massive de contenus en ligne.;2;moyen;reforme|economie-numerique|contenus;Chapitre 3 - p. 7;Dans les années 2010, les règles étaient jugées inadaptées à {{l’économie numérique et la circulation massive de contenus}}.;économie numérique et circulation massive de contenus|l’économie numérique et la circulation massive de contenus;l’économie numérique et la circulation massive de contenus;l’économie numérique et la circulation massive de contenus|Elles interdisaient déjà toute circulation de contenus sur Internet|Elles donnaient une rémunération excessive aux créateurs et éditeurs|Elles supprimaient toutes les obligations des grandes plateformes
Droit des contrats informatiques;Chapitre 3 - La responsabilité des hébergeurs de contenu;Quel déséquilibre économique justifiait une réforme européenne ?;Les créateurs et éditeurs étaient peu ou mal rémunérés alors que les plateformes profitaient de leurs œuvres;Les plateformes étaient peu rémunérées alors que les créateurs contrôlaient la publicité;Les fournisseurs d’accès recevaient tous les revenus générés par les œuvres;Les utilisateurs finaux rémunéraient directement les autorités nationales;Pense au profit tiré via la publicité et les données.;Le document souligne que les créateurs et éditeurs étaient peu ou mal rémunérés, tandis que les plateformes profitaient des œuvres via la publicité et les données.;2;moyen;reforme|remuneration|plateformes;Chapitre 3 - p. 7;Le déséquilibre venait du fait que les plateformes {{tiraient profit des œuvres via la publicité et les données}}.;tiraient profit des œuvres via la publicité et les données|profitaient des œuvres via publicité et données;tiraient profit des œuvres via la publicité et les données;tiraient profit des œuvres via la publicité et les données|Les plateformes étaient peu rémunérées alors que les créateurs contrôlaient la publicité|Les fournisseurs d’accès recevaient tous les revenus générés par les œuvres|Les utilisateurs finaux rémunéraient directement les autorités nationales
Droit des contrats informatiques;Chapitre 3 - La responsabilité des hébergeurs de contenu;Quels objectifs le législateur européen poursuivait-il avec la réforme ?;Renforcer les droits des créateurs, responsabiliser les plateformes et adapter les règles au Web 2.0;Réduire les droits des créateurs, exonérer les plateformes et limiter les contenus générés;Supprimer les licences, interdire les filtres et remplacer les autorités nationales;Privatiser les recours judiciaires, supprimer les notifications et bloquer les agrégateurs;Les objectifs sont trois axes principaux.;Le législateur voulait renforcer les droits des créateurs, responsabiliser les plateformes et adapter les règles au Web 2.0.;2;moyen;reforme|web-2-0|plateformes;Chapitre 3 - p. 7;La réforme vise à {{renforcer les droits des créateurs, responsabiliser les plateformes et adapter les règles au Web 2.0}}.;renforcer les droits des créateurs, responsabiliser les plateformes et adapter les règles au Web 2.0;renforcer les droits des créateurs, responsabiliser les plateformes et adapter les règles au Web 2.0;renforcer les droits des créateurs, responsabiliser les plateformes et adapter les règles au Web 2.0|Réduire les droits des créateurs, exonérer les plateformes et limiter les contenus générés|Supprimer les licences, interdire les filtres et remplacer les autorités nationales|Privatiser les recours judiciaires, supprimer les notifications et bloquer les agrégateurs
Droit des contrats informatiques;Chapitre 3 - La responsabilité des hébergeurs de contenu;Quelle directive de 2019 concerne le droit d’auteur dans le marché unique numérique ?;La directive 2019/790/UE;La directive 2000/31/CE;La directive 2001/29/CE;La directive 2022/2065/UE;-;Le document nomme la directive 2019/790/UE comme directive sur le droit d’auteur dans le marché unique numérique.;1;facile;directive-2019-790|droit-auteur;Chapitre 3 - p. 8;La directive concernée est {{la directive 2019/790/UE}}.;directive 2019/790/UE|2019/790/UE;la directive 2019/790/UE;la directive 2019/790/UE|La directive 2000/31/CE|La directive 2001/29/CE|La directive 2022/2065/UE
Droit des contrats informatiques;Chapitre 3 - La responsabilité des hébergeurs de contenu;Quand la directive 2019/790/UE a-t-elle été adoptée et transposée en Belgique ?;Adoptée en avril 2019 et transposée en Belgique en 2022;Adoptée en juin 2000 et transposée en Belgique en 2003;Adoptée en octobre 2022 et applicable en Belgique en 2024;Adoptée en mai 2001 et transposée en Belgique en 2010;Revois les deux dates associées à cette directive.;La directive 2019/790/UE a été adoptée en avril 2019 et transposée en droit belge en 2022.;2;moyen;directive-2019-790|dates|belgique;Chapitre 3 - p. 8;La directive 2019/790/UE a été adoptée en {{avril 2019}} et transposée en Belgique en {{2022}}.;avril 2019 et 2022|adoptée en avril 2019 et transposée en Belgique en 2022;avril 2019|2022;avril 2019|2022|juin 2000|2003|octobre 2022|mai 2001
Droit des contrats informatiques;Chapitre 3 - La responsabilité des hébergeurs de contenu;Quel article de la directive 2019/790/UE vise les plateformes de partage comme YouTube ou Facebook ?;L’article 17;L’article 15;L’article 6;L’article 33;-;Le document présente l’article 17 comme la mesure visant les plateformes de partage, avec licence ou mécanismes de retrait/filtrage.;1;facile;directive-2019-790|article-17;Chapitre 3 - p. 8;L’article visant les plateformes de partage est {{l’article 17}}.;article 17|l’article 17|17;l’article 17;l’article 17|L’article 15|L’article 6|L’article 33
Droit des contrats informatiques;Chapitre 3 - La responsabilité des hébergeurs de contenu;Que doivent faire les plateformes de partage selon l’article 17 ?;Obtenir une licence ou mettre en place des mécanismes efficaces de retrait ou filtrage;Refuser toute licence et ignorer les notifications des titulaires de droits;Limiter leurs obligations aux contenus publiés par les autorités publiques;Désigner automatiquement un coordinateur national pour chaque contenu;Pense à l’alternative licence ou mécanismes techniques.;L’article 17 impose aux plateformes d’obtenir une licence ou de mettre en place des mécanismes efficaces de retrait ou de filtrage des contenus protégés.;2;moyen;directive-2019-790|article-17|filtrage;Chapitre 3 - p. 8;Selon l’article 17, les plateformes doivent {{obtenir une licence ou mettre en place des mécanismes efficaces de retrait ou filtrage}}.;obtenir une licence ou mettre en place des mécanismes efficaces de retrait ou filtrage;obtenir une licence ou mettre en place des mécanismes efficaces de retrait ou filtrage;obtenir une licence ou mettre en place des mécanismes efficaces de retrait ou filtrage|Refuser toute licence et ignorer les notifications des titulaires de droits|Limiter leurs obligations aux contenus publiés par les autorités publiques|Désigner automatiquement un coordinateur national pour chaque contenu
Droit des contrats informatiques;Chapitre 3 - La responsabilité des hébergeurs de contenu;Quel article crée un droit voisin pour les éditeurs de presse ?;L’article 15 de la directive 2019/790/UE;L’article 17 de la directive 2019/790/UE;L’article 16 du DSA;L’article 20 du DSA;-;Le document indique que l’article 15 crée un droit voisin pour les éditeurs de presse.;1;facile;directive-2019-790|article-15|presse;Chapitre 3 - p. 8;Le droit voisin des éditeurs de presse est créé par {{l’article 15}}.;article 15|l’article 15|article 15 de la directive 2019/790/UE;l’article 15;l’article 15|L’article 17 de la directive 2019/790/UE|L’article 16 du DSA|L’article 20 du DSA
Droit des contrats informatiques;Chapitre 3 - La responsabilité des hébergeurs de contenu;Quel est le but du droit voisin des éditeurs de presse ?;Garantir une rémunération en cas de reprise de leurs contenus par des agrégateurs;Permettre aux plateformes de reprendre gratuitement tous les contenus de presse;Interdire aux éditeurs de presse de négocier avec les agrégateurs;Réserver les contenus de presse aux réseaux sociaux sans rémunération;L’exemple donné est Google Actualités.;L’article 15 vise à garantir une rémunération lorsque les contenus de presse sont repris par des agrégateurs comme Google Actualités.;2;moyen;directive-2019-790|droit-voisin|presse;Chapitre 3 - p. 8;Le droit voisin garantit une rémunération en cas de reprise par {{des agrégateurs}}.;agrégateurs|des agrégateurs|Google Actualités;des agrégateurs;des agrégateurs|Permettre aux plateformes de reprendre gratuitement tous les contenus de presse|Interdire aux éditeurs de presse de négocier avec les agrégateurs|Réserver les contenus de presse aux réseaux sociaux sans rémunération
Droit des contrats informatiques;Chapitre 3 - La responsabilité des hébergeurs de contenu;Quel principe de rémunération la directive 2019/790/UE prévoit-elle pour les auteurs et interprètes ?;Un principe de rémunération équitable, même après cession de leurs droits;Un principe d’absence de rémunération après toute cession de droits;Un principe de rémunération réservée aux éditeurs de presse uniquement;Un principe de paiement automatique par les utilisateurs finaux uniquement;Pense à la cession des droits.;Le document mentionne un principe de rémunération équitable pour les auteurs et interprètes, même après cession de leurs droits.;2;moyen;directive-2019-790|remuneration;Chapitre 3 - p. 8;La directive prévoit une {{rémunération équitable}} pour les auteurs et interprètes.;rémunération équitable|rémunération équitable même après cession;rémunération équitable;rémunération équitable|Un principe d’absence de rémunération après toute cession de droits|Un principe de rémunération réservée aux éditeurs de presse uniquement|Un principe de paiement automatique par les utilisateurs finaux uniquement
Droit des contrats informatiques;Chapitre 3 - La responsabilité des hébergeurs de contenu;Quand le Digital Services Act a-t-il été adopté et appliqué ?;Adopté en octobre 2022 et entré en application en 2024;Adopté en avril 2019 et entré en application en 2022;Adopté en juin 2000 et entré en application en 2003;Adopté en mai 2001 et entré en application en 2004;Revois les deux dates du DSA.;Le DSA a été adopté en octobre 2022 et est entré en application en 2024.;2;moyen;dsa|dates;Chapitre 3 - p. 9;Le DSA a été adopté en {{octobre 2022}} et appliqué en {{2024}}.;octobre 2022 et 2024|adopté en octobre 2022 et appliqué en 2024;octobre 2022|2024;octobre 2022|2024|avril 2019|2022|juin 2000|2003|mai 2001|2004
Droit des contrats informatiques;Chapitre 3 - La responsabilité des hébergeurs de contenu;Quel est un objectif central du DSA concernant les intermédiaires techniques ?;Moderniser le régime de responsabilité des intermédiaires techniques;Créer un droit voisin réservé aux éditeurs de presse;Supprimer le mécanisme de notice and action européen;Limiter la régulation aux seules œuvres musicales;-;Le DSA vise notamment à moderniser le régime de responsabilité des intermédiaires techniques.;1;facile;dsa|responsabilite|intermediaires;Chapitre 3 - p. 9;Un objectif central du DSA est de {{moderniser le régime de responsabilité des intermédiaires techniques}}.;moderniser le régime de responsabilité des intermédiaires techniques;moderniser le régime de responsabilité des intermédiaires techniques;moderniser le régime de responsabilité des intermédiaires techniques|Créer un droit voisin réservé aux éditeurs de presse|Supprimer le mécanisme de notice and action européen|Limiter la régulation aux seules œuvres musicales
Droit des contrats informatiques;Chapitre 3 - La responsabilité des hébergeurs de contenu;Que cherche à harmoniser le DSA ?;Les règles de modération de contenu, de transparence algorithmique et de coopération avec les autorités;Les contrats de cession de droits entre auteurs et producteurs;Les modes de rémunération des interprètes après cession de droits;Les procédures judiciaires pénales contre les utilisateurs finaux;Pense à la modération, aux algorithmes et aux autorités.;Le DSA harmonise les règles de modération de contenu, de transparence algorithmique et de coopération avec les autorités.;2;moyen;dsa|harmonisation|moderation;Chapitre 3 - p. 9;Le DSA harmonise la modération, {{la transparence algorithmique}} et la coopération avec les autorités.;transparence algorithmique|la transparence algorithmique;la transparence algorithmique;la transparence algorithmique|Les contrats de cession de droits entre auteurs et producteurs|Les modes de rémunération des interprètes après cession de droits|Les procédures judiciaires pénales contre les utilisateurs finaux
Droit des contrats informatiques;Chapitre 3 - La responsabilité des hébergeurs de contenu;Quelle innovation clé du DSA concerne le signalement des contenus ?;L’introduction d’un système uniforme de notice and action;La suppression des signalements par les utilisateurs;La création d’une licence obligatoire pour chaque commentaire;L’interdiction des décisions motivées de modération;-;Le document présente l’introduction d’un système uniforme de notice and action comme une innovation clé du DSA.;1;facile;dsa|notice-and-action;Chapitre 3 - p. 9;Le DSA introduit un système uniforme de {{notice and action}}.;notice and action|notice & action|notification et action;notice and action;notice and action|La suppression des signalements par les utilisateurs|La création d’une licence obligatoire pour chaque commentaire|L’interdiction des décisions motivées de modération
Droit des contrats informatiques;Chapitre 3 - La responsabilité des hébergeurs de contenu;Quelles obligations renforcées le DSA impose-t-il aux très grandes plateformes ?;Évaluation des risques systémiques, audits, rapports de transparence et coopération avec les chercheurs;Suppression automatique des contenus licites, blocage des plaintes et absence de rapports;Cession obligatoire des droits d’auteur, licences gratuites et interdiction des audits;Contrôle exclusif des fournisseurs d’accès, absence de modération et secret algorithmique;Pense aux VLOPs et à leurs obligations systémiques.;Le DSA impose aux très grandes plateformes des évaluations des risques systémiques, des audits, des rapports de transparence et une coopération avec les chercheurs.;2;moyen;dsa|vlop|obligations;Chapitre 3 - p. 9;Les VLOPs doivent notamment réaliser {{des évaluations des risques systémiques, des audits et des rapports de transparence}}.;évaluations des risques systémiques, audits et rapports de transparence|audits, risques systémiques, rapports de transparence;des évaluations des risques systémiques, des audits et des rapports de transparence;des évaluations des risques systémiques, des audits et des rapports de transparence|Suppression automatique des contenus licites, blocage des plaintes et absence de rapports|Cession obligatoire des droits d’auteur, licences gratuites et interdiction des audits|Contrôle exclusif des fournisseurs d’accès, absence de modération et secret algorithmique
Droit des contrats informatiques;Chapitre 3 - La responsabilité des hébergeurs de contenu;Quelle différence générale distingue la directive 2019/790 du DSA ?;La directive 2019/790 est spécifique au droit d’auteur, tandis que le DSA est un cadre général de régulation numérique;La directive 2019/790 vise tout contenu illicite, tandis que le DSA ne vise que les contenus protégés;La directive 2019/790 protège les utilisateurs, tandis que le DSA rémunère exclusivement les créateurs;La directive 2019/790 s’applique aux autorités, tandis que le DSA s’applique seulement aux auteurs;Revois le tableau de comparaison entre les deux textes.;Le tableau compare la directive 2019/790, spécifique au droit d’auteur, avec le DSA, cadre général de régulation numérique.;3;avancé;comparaison|directive-2019-790|dsa;Chapitre 3 - p. 10;La directive 2019/790 est spécifique au droit d’auteur, tandis que le DSA est {{un cadre général de régulation numérique}}.;cadre général de régulation numérique|un cadre général de régulation numérique;un cadre général de régulation numérique;un cadre général de régulation numérique|La directive 2019/790 vise tout contenu illicite, tandis que le DSA ne vise que les contenus protégés|La directive 2019/790 protège les utilisateurs, tandis que le DSA rémunère exclusivement les créateurs|La directive 2019/790 s’applique aux autorités, tandis que le DSA s’applique seulement aux auteurs
Droit des contrats informatiques;Chapitre 3 - La responsabilité des hébergeurs de contenu;À quels contenus s’applique la directive 2019/790 selon le tableau comparatif ?;Aux contenus protégés;À tout contenu illicite ou problématique;Aux données personnelles uniquement;Aux contenus purement techniques uniquement;-;Le tableau indique que la directive 2019/790 s’applique aux contenus protégés.;1;facile;directive-2019-790|contenus-proteges;Chapitre 3 - p. 10;La directive 2019/790 s’applique aux {{contenus protégés}}.;contenus protégés|aux contenus protégés;contenus protégés;contenus protégés|À tout contenu illicite ou problématique|Aux données personnelles uniquement|Aux contenus purement techniques uniquement
Droit des contrats informatiques;Chapitre 3 - La responsabilité des hébergeurs de contenu;À quels contenus s’applique le DSA selon le tableau comparatif ?;À tout contenu illicite ou problématique;Aux seuls contenus protégés par le droit d’auteur;Aux seules œuvres de presse reprises par les agrégateurs;Aux seuls contenus créés par les titulaires de droits;-;Le tableau précise que le DSA s’applique à tout contenu illicite ou problématique.;1;facile;dsa|contenus-illicites;Chapitre 3 - p. 10;Le DSA s’applique à {{tout contenu illicite ou problématique}}.;tout contenu illicite ou problématique|contenu illicite ou problématique;tout contenu illicite ou problématique;tout contenu illicite ou problématique|Aux seuls contenus protégés par le droit d’auteur|Aux seules œuvres de presse reprises par les agrégateurs|Aux seuls contenus créés par les titulaires de droits
Droit des contrats informatiques;Chapitre 3 - La responsabilité des hébergeurs de contenu;Selon le DSA, qui sont les destinataires du service ?;Les utilisateurs finaux, comme les internautes et clients;Les acteurs qui publient des contenus comme influenceurs et vendeurs;Les acteurs qui assurent la circulation technique des données;Les plateformes avec plus de 45 millions d’utilisateurs dans l’UE;-;Le tableau définit les destinataires du service comme les utilisateurs finaux, par exemple les internautes et clients.;1;facile;dsa|acteurs|destinataires;Chapitre 3 - p. 11;Les destinataires du service sont {{les utilisateurs finaux}}.;utilisateurs finaux|les utilisateurs finaux|internautes et clients;les utilisateurs finaux;les utilisateurs finaux|Les acteurs qui publient des contenus comme influenceurs et vendeurs|Les acteurs qui assurent la circulation technique des données|Les plateformes avec plus de 45 millions d’utilisateurs dans l’UE
Droit des contrats informatiques;Chapitre 3 - La responsabilité des hébergeurs de contenu;Quel est le rôle des fournisseurs de contenus selon le DSA ?;Publier des contenus;Assurer la circulation technique des données;Offrir l’accès au réseau;Contrôler les très grandes plateformes;-;Les fournisseurs de contenus sont ceux qui publient des contenus, comme les influenceurs, vendeurs ou blogueurs.;1;facile;dsa|acteurs|fournisseurs-contenus;Chapitre 3 - p. 11;Les fournisseurs de contenus ont pour rôle de {{publier des contenus}}.;publier des contenus|publier du contenu;publier des contenus;publier des contenus|Assurer la circulation technique des données|Offrir l’accès au réseau|Contrôler les très grandes plateformes
Droit des contrats informatiques;Chapitre 3 - La responsabilité des hébergeurs de contenu;Quel est le rôle des fournisseurs d’infrastructure ?;Assurer la circulation technique des données;Publier des contenus éditoriaux pour les utilisateurs;Contrôler les plaintes contre les VLOPs;Obtenir des licences pour les éditeurs de presse;Pense au rôle technique de base.;Le tableau indique que les fournisseurs d’infrastructure assurent la circulation technique des données.;2;moyen;dsa|acteurs|infrastructure;Chapitre 3 - p. 11;Les fournisseurs d’infrastructure assurent {{la circulation technique des données}}.;circulation technique des données|la circulation technique des données;la circulation technique des données;la circulation technique des données|Publier des contenus éditoriaux pour les utilisateurs|Contrôler les plaintes contre les VLOPs|Obtenir des licences pour les éditeurs de presse
Droit des contrats informatiques;Chapitre 3 - La responsabilité des hébergeurs de contenu;Quel est le rôle des fournisseurs d’accès à Internet ?;Offrir l’accès au réseau;Publier des contenus pour les utilisateurs finaux;Recevoir les plaintes au nom de la Commission;Analyser les risques systémiques des VLOPs;-;Les fournisseurs d’accès à Internet offrent l’accès au réseau, avec comme exemples Proximus, Orange et Telenet.;1;facile;dsa|acteurs|fai;Chapitre 3 - p. 11;Les fournisseurs d’accès à Internet offrent {{l’accès au réseau}}.;accès au réseau|l’accès au réseau;l’accès au réseau;l’accès au réseau|Publier des contenus pour les utilisateurs finaux|Recevoir les plaintes au nom de la Commission|Analyser les risques systémiques des VLOPs
Droit des contrats informatiques;Chapitre 3 - La responsabilité des hébergeurs de contenu;Quels acteurs sont qualifiés de prestataires intermédiaires selon le DSA ?;Hébergeurs, plateformes et moteurs de recherche;Internautes, clients et consommateurs finaux;Influenceurs, vendeurs et blogueurs;Parlements, tribunaux et administrations fiscales;-;Le tableau associe les prestataires intermédiaires aux hébergeurs, plateformes et moteurs de recherche.;1;facile;dsa|prestataires-intermediaires;Chapitre 3 - p. 11;Les prestataires intermédiaires comprennent {{hébergeurs, plateformes et moteurs de recherche}}.;hébergeurs, plateformes et moteurs de recherche;hébergeurs, plateformes et moteurs de recherche;hébergeurs, plateformes et moteurs de recherche|Internautes, clients et consommateurs finaux|Influenceurs, vendeurs et blogueurs|Parlements, tribunaux et administrations fiscales
Droit des contrats informatiques;Chapitre 3 - La responsabilité des hébergeurs de contenu;Quel seuil caractérise les VLOPs et VLOSEs selon le tableau ?;Plus de 45 millions d’utilisateurs actifs dans l’UE;Plus de 15 millions d’utilisateurs actifs dans un État membre;Plus de 6 % du chiffre d’affaires mondial annuel;Plus de 20 plaintes certifiées par mois dans l’UE;-;Le tableau définit les VLOPs et VLOSEs par un seuil supérieur à 45 millions d’utilisateurs actifs dans l’Union européenne.;1;facile;dsa|vlop|vlose|seuil;Chapitre 3 - p. 11;Les VLOPs et VLOSEs dépassent {{45 millions d’utilisateurs actifs dans l’UE}}.;45 millions d’utilisateurs actifs dans l’UE|plus de 45 millions d’utilisateurs actifs dans l’UE;45 millions d’utilisateurs actifs dans l’UE;45 millions d’utilisateurs actifs dans l’UE|Plus de 15 millions d’utilisateurs actifs dans un État membre|Plus de 6 % du chiffre d’affaires mondial annuel|Plus de 20 plaintes certifiées par mois dans l’UE
Droit des contrats informatiques;Chapitre 3 - La responsabilité des hébergeurs de contenu;Quelle ambivalence d’Internet est soulignée dans la responsabilité des prestataires ?;Internet est un espace d’expression et d’innovation, mais aussi un terrain fertile pour les abus;Internet est uniquement un espace d’innovation sans risque juridique;Internet est seulement un terrain d’abus sans valeur pour l’expression;Internet est un réseau fermé où les contenus ne circulent pas publiquement;La phrase oppose deux faces d’Internet.;Le document présente Internet comme un espace d’expression et d’innovation, tout en rappelant qu’il facilite aussi des abus.;2;moyen;internet|ambivalence|abus;Chapitre 3 - p. 12;Internet est un espace d’expression et d’innovation, mais aussi {{un terrain fertile pour les abus}}.;terrain fertile pour les abus|un terrain fertile pour les abus;un terrain fertile pour les abus;un terrain fertile pour les abus|Internet est uniquement un espace d’innovation sans risque juridique|Internet est seulement un terrain d’abus sans valeur pour l’expression|Internet est un réseau fermé où les contenus ne circulent pas publiquement
Droit des contrats informatiques;Chapitre 3 - La responsabilité des hébergeurs de contenu;Quels exemples d’abus sur Internet sont cités ?;Partage illégal de contenus protégés et propos diffamatoires, haineux ou racistes;Défaut de licence des éditeurs et absence de rémunération des hébergeurs;Refus de coopération des chercheurs et audits externes excessifs;Publicité transparente et modération proportionnée des contenus;Regarde les abus listés dans la partie ambivalence.;Le document cite le partage illégal de contenus protégés et les propos diffamatoires, haineux ou racistes.;2;moyen;internet|abus|contenus-illicites;Chapitre 3 - p. 12;Les abus cités sont {{le partage illégal de contenus protégés et les propos diffamatoires, haineux ou racistes}}.;partage illégal de contenus protégés et propos diffamatoires, haineux ou racistes;le partage illégal de contenus protégés et les propos diffamatoires, haineux ou racistes;le partage illégal de contenus protégés et les propos diffamatoires, haineux ou racistes|Défaut de licence des éditeurs et absence de rémunération des hébergeurs|Refus de coopération des chercheurs et audits externes excessifs|Publicité transparente et modération proportionnée des contenus
Droit des contrats informatiques;Chapitre 3 - La responsabilité des hébergeurs de contenu;Dans le dilemme réglementaire, que faut-il préserver face à la protection des victimes ?;La liberté d’expression;La suppression automatique de tous les contenus;La domination économique des plateformes;L’absence de tout recours utilisateur;-;Le tableau du dilemme met en parallèle la protection des victimes et la préservation de la liberté d’expression.;1;facile;dilemme|liberte-expression;Chapitre 3 - p. 12;Il faut protéger les victimes tout en préservant {{la liberté d’expression}}.;liberté d’expression|la liberté d’expression;la liberté d’expression;la liberté d’expression|La suppression automatique de tous les contenus|La domination économique des plateformes|L’absence de tout recours utilisateur
Droit des contrats informatiques;Chapitre 3 - La responsabilité des hébergeurs de contenu;Dans le dilemme réglementaire, que faut-il éviter en luttant contre les infractions ?;La censure privée;La coopération avec les autorités;La sécurité juridique des plateformes;La notification des contenus illicites;-;Le document indique que la lutte contre les infractions doit être conciliée avec l’évitement de la censure privée.;1;facile;dilemme|censure|infractions;Chapitre 3 - p. 12;La lutte contre les infractions doit éviter {{la censure privée}}.;censure privée|la censure privée;la censure privée;la censure privée|La coopération avec les autorités|La sécurité juridique des plateformes|La notification des contenus illicites
Droit des contrats informatiques;Chapitre 3 - La responsabilité des hébergeurs de contenu;Quels sont les deux piliers principaux du cadre légal actuel en Europe ?;La directive 2019/790/UE et le Digital Services Act;La DMCA et la loi belge du 11 mars 2003 uniquement;Le Code civil belge et la directive 2001/29/CE uniquement;Le règlement eIDAS et le RGPD uniquement;Pense au droit d’auteur et au régime horizontal.;Le document identifie deux piliers : la directive 2019/790/UE et le Digital Services Act.;2;moyen;cadre-legal|directive-2019-790|dsa;Chapitre 3 - p. 13;Les deux piliers actuels sont {{la directive 2019/790/UE et le Digital Services Act}}.;directive 2019/790/UE et Digital Services Act|directive 2019/790/UE et DSA;la directive 2019/790/UE et le Digital Services Act;la directive 2019/790/UE et le Digital Services Act|La DMCA et la loi belge du 11 mars 2003 uniquement|Le Code civil belge et la directive 2001/29/CE uniquement|Le règlement eIDAS et le RGPD uniquement
Droit des contrats informatiques;Chapitre 3 - La responsabilité des hébergeurs de contenu;Que cible la directive 2019/790/UE dans le cadre légal actuel ?;Les plateformes de partage de contenus, comme YouTube;Tous les prestataires numériques sans distinction de rôle;Les fournisseurs d’accès uniquement, comme Proximus;Les autorités nationales de protection des données;-;La directive 2019/790/UE cible les plateformes de partage de contenus, avec l’exemple de YouTube.;1;facile;directive-2019-790|plateformes-partage;Chapitre 3 - p. 13;La directive 2019/790/UE cible {{les plateformes de partage de contenus}}.;plateformes de partage de contenus|les plateformes de partage de contenus;les plateformes de partage de contenus;les plateformes de partage de contenus|Tous les prestataires numériques sans distinction de rôle|Les fournisseurs d’accès uniquement, comme Proximus|Les autorités nationales de protection des données
Droit des contrats informatiques;Chapitre 3 - La responsabilité des hébergeurs de contenu;Quelle obligation proactive la directive 2019/790/UE implique-t-elle ?;Une obligation de filtrage ou retrait de contenus protégés sans autorisation;Une obligation de conserver tous les contenus protégés après notification;Une obligation d’ignorer les signalements des titulaires de droits;Une obligation de limiter le DSA aux seuls moteurs de recherche;La réponse porte sur les contenus protégés non autorisés.;Dans le cadre légal actuel, la directive implique une obligation proactive de filtrage ou retrait de contenus protégés sans autorisation.;2;moyen;directive-2019-790|filtrage|retrait;Chapitre 3 - p. 13;La directive implique une obligation proactive de {{filtrage ou retrait de contenus protégés sans autorisation}}.;filtrage ou retrait de contenus protégés sans autorisation;filtrage ou retrait de contenus protégés sans autorisation;filtrage ou retrait de contenus protégés sans autorisation|Une obligation de conserver tous les contenus protégés après notification|Une obligation d’ignorer les signalements des titulaires de droits|Une obligation de limiter le DSA aux seuls moteurs de recherche
Droit des contrats informatiques;Chapitre 3 - La responsabilité des hébergeurs de contenu;Depuis quand le DSA est-il applicable selon le cadre légal actuel ?;Depuis février 2024;Depuis avril 2019;Depuis juin 2000;Depuis mars 2003;-;Le document précise que le DSA est applicable depuis février 2024.;1;facile;dsa|application|dates;Chapitre 3 - p. 13;Le DSA est applicable depuis {{février 2024}}.;février 2024|depuis février 2024;février 2024;février 2024|Depuis avril 2019|Depuis juin 2000|Depuis mars 2003
Droit des contrats informatiques;Chapitre 3 - La responsabilité des hébergeurs de contenu;Quel type de régime le DSA instaure-t-il pour les services numériques ?;Un nouveau régime horizontal pour tous les prestataires de services numériques;Un régime vertical réservé aux seuls éditeurs de presse;Un régime privé réservé aux plateformes américaines;Un régime ponctuel limité aux fournisseurs d’accès belges;Le mot important est horizontal.;Le DSA est présenté comme un nouveau régime horizontal applicable à tous les prestataires de services numériques.;2;moyen;dsa|regime-horizontal|prestataires;Chapitre 3 - p. 13;Le DSA instaure {{un nouveau régime horizontal pour tous les prestataires de services numériques}}.;nouveau régime horizontal pour tous les prestataires de services numériques;un nouveau régime horizontal pour tous les prestataires de services numériques;un nouveau régime horizontal pour tous les prestataires de services numériques|Un régime vertical réservé aux seuls éditeurs de presse|Un régime privé réservé aux plateformes américaines|Un régime ponctuel limité aux fournisseurs d’accès belges
Droit des contrats informatiques;Chapitre 3 - La responsabilité des hébergeurs de contenu;Quelle notion le DSA clarifie-t-il dans le cadre légal actuel ?;La connaissance effective;La communication au public;La cession des droits;Le droit voisin de presse;-;Le DSA clarifie la notion de connaissance effective et impose un système de notice and action européen.;1;facile;dsa|connaissance-effective;Chapitre 3 - p. 13;Le DSA clarifie la notion de {{connaissance effective}}.;connaissance effective|la connaissance effective;connaissance effective;connaissance effective|La communication au public|La cession des droits|Le droit voisin de presse
Droit des contrats informatiques;Chapitre 3 - La responsabilité des hébergeurs de contenu;Que reprend et modernise le DSA en matière de responsabilité ?;Les safe harbors de la directive e-commerce;Les droits voisins de la directive 2019/790/UE;Les sanctions pénales de la DMCA américaine;Les règles de cession des contrats d’auteur;Pense au régime de responsabilité limitée.;Le DSA reprend et modernise les safe harbors de la directive e-commerce, tout en ajoutant des obligations de diligence, transparence et coopération.;2;moyen;dsa|safe-harbor|directive-ecommerce;Chapitre 3 - p. 14;Le DSA reprend et modernise {{les safe harbors de la directive e-commerce}}.;safe harbors de la directive e-commerce|les safe harbors de la directive e-commerce;les safe harbors de la directive e-commerce;les safe harbors de la directive e-commerce|Les droits voisins de la directive 2019/790/UE|Les sanctions pénales de la DMCA américaine|Les règles de cession des contrats d’auteur
Droit des contrats informatiques;Chapitre 3 - La responsabilité des hébergeurs de contenu;Quelles obligations le DSA ajoute-t-il aux safe harbors modernisés ?;Des obligations de diligence, de transparence et de coopération;Des obligations de licence, de cession et de rémunération forfaitaire;Des obligations de filtrage pénal, de taxation et d’archivage fiscal;Des obligations de suppression judiciaire préalable et de secret algorithmique;Regarde ce qui complète les safe harbors.;Le DSA ajoute aux safe harbors des obligations de diligence, de transparence et de coopération.;2;moyen;dsa|diligence|transparence|cooperation;Chapitre 3 - p. 14;Le DSA ajoute des obligations de {{diligence, de transparence et de coopération}}.;diligence, transparence et coopération|obligations de diligence, transparence et coopération;diligence, de transparence et de coopération;diligence, de transparence et de coopération|Des obligations de licence, de cession et de rémunération forfaitaire|Des obligations de filtrage pénal, de taxation et d’archivage fiscal|Des obligations de suppression judiciaire préalable et de secret algorithmique
Droit des contrats informatiques;Chapitre 3 - La responsabilité des hébergeurs de contenu;Selon quel critère le DSA distingue-t-il plusieurs niveaux de responsabilité ?;Selon le type de service offert;Selon la nationalité de l’utilisateur final;Selon la nature publique ou privée de l’auteur;Selon le prix payé par le titulaire de droits;-;Le document indique que le DSA distingue plusieurs niveaux de responsabilité selon le type de service offert.;1;facile;dsa|niveaux-responsabilite;Chapitre 3 - p. 14;Le DSA distingue plusieurs niveaux de responsabilité selon {{le type de service offert}}.;type de service offert|le type de service offert;le type de service offert;le type de service offert|Selon la nationalité de l’utilisateur final|Selon la nature publique ou privée de l’auteur|Selon le prix payé par le titulaire de droits
Droit des contrats informatiques;Chapitre 3 - La responsabilité des hébergeurs de contenu;Quels sont les cinq niveaux de responsabilité distingués dans le DSA ?;Mere conduit, caching, hosting, plateformes en ligne, VLOPs et VLOSEs;Auteurs, éditeurs, producteurs, interprètes et agrégateurs de presse;Utilisateurs, titulaires, tribunaux, administrations et organismes ADR;Licence, cession, rémunération, transparence et droit voisin;Pense aux catégories A à E du régime.;Le document liste cinq niveaux : simple transport, caching, hébergement, plateformes en ligne, puis très grandes plateformes et moteurs.;2;moyen;dsa|regime-responsabilite|categories;Chapitre 3 - p. 14;Le DSA distingue {{mere conduit, caching, hosting, plateformes en ligne, VLOPs et VLOSEs}}.;mere conduit, caching, hosting, plateformes en ligne, VLOPs et VLOSEs|simple transport, caching, hébergement, plateformes, VLOPs et VLOSEs;mere conduit, caching, hosting, plateformes en ligne, VLOPs et VLOSEs;mere conduit, caching, hosting, plateformes en ligne, VLOPs et VLOSEs|Auteurs, éditeurs, producteurs, interprètes et agrégateurs de presse|Utilisateurs, titulaires, tribunaux, administrations et organismes ADR|Licence, cession, rémunération, transparence et droit voisin
Droit des contrats informatiques;Chapitre 3 - La responsabilité des hébergeurs de contenu;À quoi correspondent les obligations des acteurs en ligne selon le DSA ?;À leur rôle, leur taille et leur impact sur l’écosystème en ligne;À leur pays d’origine, leur langue et leur ancienneté commerciale;À leur nombre de salariés, leur capital social et leur régime fiscal;À leur secteur culturel, leur contrat d’auteur et leur licence privée;Regarde la logique de proportionnalité de la pyramide.;Le document explique que les obligations varient selon le rôle, la taille et l’impact des acteurs en ligne sur l’écosystème.;2;moyen;dsa|obligations|proportionnalite;Chapitre 3 - p. 15;Les obligations correspondent à {{leur rôle, leur taille et leur impact sur l’écosystème en ligne}}.;rôle, taille et impact sur l’écosystème en ligne|leur rôle, leur taille et leur impact;leur rôle, leur taille et leur impact sur l’écosystème en ligne;leur rôle, leur taille et leur impact sur l’écosystème en ligne|À leur pays d’origine, leur langue et leur ancienneté commerciale|À leur nombre de salariés, leur capital social et leur régime fiscal|À leur secteur culturel, leur contrat d’auteur et leur licence privée
Droit des contrats informatiques;Chapitre 3 - La responsabilité des hébergeurs de contenu;Qu’est-ce que le simple transport ou mere conduit ?;La transmission purement technique de données sur un réseau;Le stockage durable de contenus à la demande d’un utilisateur;Le stockage temporaire optimisant une transmission ultérieure;La diffusion publique de contenus par une plateforme sociale;-;Le simple transport désigne une transmission purement technique de données sur un réseau.;1;facile;dsa|mere-conduit|definition;Chapitre 3 - p. 16;Le simple transport désigne {{la transmission purement technique de données sur un réseau}}.;transmission purement technique de données sur un réseau;la transmission purement technique de données sur un réseau;la transmission purement technique de données sur un réseau|Le stockage durable de contenus à la demande d’un utilisateur|Le stockage temporaire optimisant une transmission ultérieure|La diffusion publique de contenus par une plateforme sociale
Droit des contrats informatiques;Chapitre 3 - La responsabilité des hébergeurs de contenu;Quelles sont les conditions d’exonération du mere conduit ?;Ne pas initier la transmission, ne pas sélectionner le destinataire et ne pas modifier les données;Conserver les données durablement, modifier le contenu et choisir le destinataire final;Obtenir une licence, filtrer les contenus et publier un rapport annuel;Recevoir une plainte, demander un audit et saisir la Commission européenne;Trois conditions négatives sont listées.;Le mere conduit est exonéré s’il n’initie pas la transmission, ne sélectionne pas le destinataire et ne modifie pas les données transmises.;2;moyen;dsa|mere-conduit|exoneration;Chapitre 3 - p. 16;Le mere conduit est exonéré s’il ne fait pas trois choses : {{initier la transmission, sélectionner le destinataire ou modifier les données}}.;ne pas initier, ne pas sélectionner, ne pas modifier|initier la transmission, sélectionner le destinataire ou modifier les données;initier la transmission, sélectionner le destinataire ou modifier les données;initier la transmission, sélectionner le destinataire ou modifier les données|Conserver les données durablement, modifier le contenu et choisir le destinataire final|Obtenir une licence, filtrer les contenus et publier un rapport annuel|Recevoir une plainte, demander un audit et saisir la Commission européenne
Droit des contrats informatiques;Chapitre 3 - La responsabilité des hébergeurs de contenu;Pourquoi le mere conduit n’engage-t-il pas sa responsabilité même en cas d’information illicite ?;Parce que la prestation est automatique et passive;Parce que le prestataire est toujours titulaire des droits;Parce que la notification est juridiquement impossible;Parce que les contenus illicites sont automatiquement licites;La justification tient au rôle technique du prestataire.;Le document précise que la prestation de simple transport est automatique et passive, ce qui justifie l’absence de responsabilité même en cas d’information illicite.;2;moyen;dsa|mere-conduit|passivite;Chapitre 3 - p. 16;Le mere conduit n’engage pas sa responsabilité car sa prestation est {{automatique et passive}}.;automatique et passive|prestation automatique et passive;automatique et passive;automatique et passive|Parce que le prestataire est toujours titulaire des droits|Parce que la notification est juridiquement impossible|Parce que les contenus illicites sont automatiquement licites
Droit des contrats informatiques;Chapitre 3 - La responsabilité des hébergeurs de contenu;Qu’est-ce que le caching selon le DSA ?;Un stockage automatique et temporaire destiné à optimiser la transmission ultérieure;Une transmission purement technique sans stockage temporaire;Un stockage durable de contenus à la demande de l’utilisateur;Une diffusion publique de contenus entre utilisateurs;-;Le caching est un stockage automatique et temporaire réalisé pour optimiser une transmission ultérieure.;1;facile;dsa|caching|definition;Chapitre 3 - p. 17;Le caching est {{un stockage automatique et temporaire destiné à optimiser la transmission ultérieure}}.;stockage automatique et temporaire destiné à optimiser la transmission ultérieure|stockage automatique et temporaire;un stockage automatique et temporaire destiné à optimiser la transmission ultérieure;un stockage automatique et temporaire destiné à optimiser la transmission ultérieure|Une transmission purement technique sans stockage temporaire|Un stockage durable de contenus à la demande de l’utilisateur|Une diffusion publique de contenus entre utilisateurs
Droit des contrats informatiques;Chapitre 3 - La responsabilité des hébergeurs de contenu;Quels exemples sont donnés pour le caching ?;Cloudflare et Akamai;Proximus et Orange;OVH et Dropbox;TikTok et Instagram;-;Le document cite Cloudflare et Akamai comme exemples de caching.;1;facile;dsa|caching|exemples;Chapitre 3 - p. 17;Les exemples de caching sont {{Cloudflare et Akamai}}.;Cloudflare et Akamai|Cloudflare Akamai;Cloudflare et Akamai;Cloudflare et Akamai|Proximus et Orange|OVH et Dropbox|TikTok et Instagram
Droit des contrats informatiques;Chapitre 3 - La responsabilité des hébergeurs de contenu;Quelles obligations conditionnent l’exonération en matière de caching ?;Ne pas modifier l’information, respecter les normes de mise à jour, ne pas entraver les mesures licites et retirer rapidement certaines données;Modifier l’information, ignorer les normes de cache, bloquer les outils de mesure et conserver les données illicites;Publier tous les contenus, supprimer les plaintes internes, refuser les audits et filtrer sans notification;Obtenir une licence, rémunérer les créateurs, désigner un représentant et saisir un juge;Regarde les conditions techniques et le devoir d’effacement rapide.;Pour bénéficier de l’exonération, le caching doit rester technique et neutre, respecter les normes, ne pas entraver les mesures licites et retirer rapidement les données devenues inaccessibles ou illicites.;3;avancé;dsa|caching|exoneration;Chapitre 3 - p. 17;Le caching est exonéré s’il respecte plusieurs devoirs, dont {{ne pas modifier l’information et retirer rapidement certaines données}}.;ne pas modifier l’information et retirer rapidement certaines données|conditions d’exonération du caching;ne pas modifier l’information et retirer rapidement certaines données;ne pas modifier l’information et retirer rapidement certaines données|Modifier l’information, ignorer les normes de cache, bloquer les outils de mesure et conserver les données illicites|Publier tous les contenus, supprimer les plaintes internes, refuser les audits et filtrer sans notification|Obtenir une licence, rémunérer les créateurs, désigner un représentant et saisir un juge
Droit des contrats informatiques;Chapitre 3 - La responsabilité des hébergeurs de contenu;Qu’est-ce que l’hébergement ou hosting selon le DSA ?;Le stockage de contenus à la demande de l’utilisateur;La transmission technique de données sans stockage;Le stockage automatique destiné à optimiser la transmission;La création obligatoire de contenus par une plateforme;-;L’hébergement consiste à stocker des contenus à la demande de l’utilisateur.;1;facile;dsa|hosting|definition;Chapitre 3 - p. 18;Le hosting est {{le stockage de contenus à la demande de l’utilisateur}}.;stockage de contenus à la demande de l’utilisateur|le stockage de contenus à la demande de l’utilisateur;le stockage de contenus à la demande de l’utilisateur;le stockage de contenus à la demande de l’utilisateur|La transmission technique de données sans stockage|Le stockage automatique destiné à optimiser la transmission|La création obligatoire de contenus par une plateforme
Droit des contrats informatiques;Chapitre 3 - La responsabilité des hébergeurs de contenu;Quels exemples sont donnés pour l’hébergement ?;OVH, Wordpress.com et Dropbox;Proximus, Orange et Telenet;Cloudflare, Akamai et DNS;Facebook, TikTok et Google Search;-;Le document cite OVH, Wordpress.com et Dropbox comme exemples d’hébergement.;1;facile;dsa|hosting|exemples;Chapitre 3 - p. 18;Les exemples d’hébergement sont {{OVH, Wordpress.com et Dropbox}}.;OVH, Wordpress.com et Dropbox|OVH Wordpress.com Dropbox;OVH, Wordpress.com et Dropbox;OVH, Wordpress.com et Dropbox|Proximus, Orange et Telenet|Cloudflare, Akamai et DNS|Facebook, TikTok et Google Search
Droit des contrats informatiques;Chapitre 3 - La responsabilité des hébergeurs de contenu;Quelle condition de connaissance permet l’exonération de l’hébergeur ?;Ne pas avoir connaissance effective de l’illicéité;Avoir connaissance générale de tous les contenus publiés;Ignorer toute décision judiciaire ou administrative reçue;Sélectionner activement les contenus illicites à diffuser;-;L’hébergeur peut être exonéré s’il n’a pas connaissance effective de l’illicéité.;1;facile;dsa|hosting|connaissance-effective;Chapitre 3 - p. 18;L’hébergeur est exonéré s’il n’a pas {{connaissance effective de l’illicéité}}.;connaissance effective de l’illicéité|connaissance effective de l'illicéité;connaissance effective de l’illicéité;connaissance effective de l’illicéité|Avoir connaissance générale de tous les contenus publiés|Ignorer toute décision judiciaire ou administrative reçue|Sélectionner activement les contenus illicites à diffuser
Droit des contrats informatiques;Chapitre 3 - La responsabilité des hébergeurs de contenu;Que doit faire l’hébergeur lorsqu’un contenu illicite est correctement notifié ?;Agir promptement pour retirer ou rendre inaccessible le contenu;Conserver le contenu jusqu’à la fin d’un audit externe annuel;Transmettre le contenu aux moteurs de recherche sans modification;Supprimer seulement les comptes des titulaires de droits;Pense à la réactivité exigée après notification.;L’hébergeur doit agir promptement pour retirer ou rendre inaccessible le contenu dès qu’il est correctement notifié.;2;moyen;dsa|hosting|retrait|notice-and-action;Chapitre 3 - p. 18;Après notification correcte, l’hébergeur doit {{retirer ou rendre inaccessible le contenu}}.;retirer ou rendre inaccessible le contenu|agir promptement pour retirer ou rendre inaccessible le contenu;retirer ou rendre inaccessible le contenu;retirer ou rendre inaccessible le contenu|Conserver le contenu jusqu’à la fin d’un audit externe annuel|Transmettre le contenu aux moteurs de recherche sans modification|Supprimer seulement les comptes des titulaires de droits
Droit des contrats informatiques;Chapitre 3 - La responsabilité des hébergeurs de contenu;Dans quels cas l’hébergeur doit-il agir promptement selon l’article 6 DSA ?;Après notification correcte ou décision judiciaire ou administrative;Après publication initiale de tout contenu, même manifestement licite;Après simple demande commerciale d’un annonceur privé;Après expiration automatique d’une licence de presse inexistante;Deux déclencheurs sont cités.;Le document mentionne deux déclencheurs : une notification correcte via notice and action ou une décision judiciaire ou administrative.;2;moyen;dsa|hosting|decision|notification;Chapitre 3 - p. 18;L’hébergeur doit agir après {{notification correcte ou décision judiciaire ou administrative}}.;notification correcte ou décision judiciaire ou administrative|notification ou décision judiciaire/administrative;notification correcte ou décision judiciaire ou administrative;notification correcte ou décision judiciaire ou administrative|Après publication initiale de tout contenu, même manifestement licite|Après simple demande commerciale d’un annonceur privé|Après expiration automatique d’une licence de presse inexistante
Droit des contrats informatiques;Chapitre 3 - La responsabilité des hébergeurs de contenu;Quelle formule résume l’exonération de l’hébergeur ?;Une exonération sous condition de réactivité;Une exonération absolue sans devoir après notification;Une responsabilité automatique sans possibilité d’exonération;Une exemption réservée aux VLOPs et VLOSEs uniquement;Regarde la phrase de synthèse signalée par le point d’attention.;Le document résume l’hébergement par une exonération sous condition de réactivité : l’hébergeur doit coopérer activement après notification.;2;moyen;dsa|hosting|exoneration;Chapitre 3 - p. 18;L’hébergement bénéficie d’{{une exonération sous condition de réactivité}}.;exonération sous condition de réactivité|une exonération sous condition de réactivité;une exonération sous condition de réactivité;une exonération sous condition de réactivité|Une exonération absolue sans devoir après notification|Une responsabilité automatique sans possibilité d’exonération|Une exemption réservée aux VLOPs et VLOSEs uniquement
Droit des contrats informatiques;Chapitre 3 - La responsabilité des hébergeurs de contenu;Qu’est-ce que le mécanisme de notice and action ?;Une procédure normalisée permettant de signaler un contenu illicite à une plateforme d’hébergement;Une procédure de licence automatique pour tous les contenus protégés;Une procédure judiciaire obligatoire avant tout signalement en ligne;Une procédure de taxation des plateformes selon leur chiffre d’affaires;-;Le mécanisme notice and action est la procédure standardisée du DSA permettant de signaler un contenu illicite à une plateforme d’hébergement.;1;facile;notice-and-action|dsa|definition;Chapitre 3 - p. 19;Le notice and action est {{une procédure normalisée permettant de signaler un contenu illicite}}.;procédure normalisée permettant de signaler un contenu illicite|procédure de signalement;une procédure normalisée permettant de signaler un contenu illicite;une procédure normalisée permettant de signaler un contenu illicite|Une procédure de licence automatique pour tous les contenus protégés|Une procédure judiciaire obligatoire avant tout signalement en ligne|Une procédure de taxation des plateformes selon leur chiffre d’affaires
Droit des contrats informatiques;Chapitre 3 - La responsabilité des hébergeurs de contenu;À qui le mécanisme notice and action permet-il de signaler un contenu illicite ?;À une plateforme d’hébergement;À un auteur ayant cédé ses droits;À un fournisseur d’accès uniquement;À un éditeur de presse seulement;-;Le mécanisme permet de signaler un contenu illicite à une plateforme d’hébergement, comme un réseau social, forum ou marketplace.;1;facile;notice-and-action|hebergement;Chapitre 3 - p. 19;Le mécanisme permet de signaler un contenu illicite à {{une plateforme d’hébergement}}.;plateforme d’hébergement|une plateforme d’hébergement;une plateforme d’hébergement;une plateforme d’hébergement|À un auteur ayant cédé ses droits|À un fournisseur d’accès uniquement|À un éditeur de presse seulement
Droit des contrats informatiques;Chapitre 3 - La responsabilité des hébergeurs de contenu;Quelles plateformes sont citées comme exemples dans le mécanisme notice and action ?;Réseaux sociaux, forums et marketplaces;Fournisseurs d’accès, opérateurs réseau et DNS;Tribunaux, administrations et coordinateurs nationaux;Auteurs, interprètes et éditeurs de presse;-;Le document cite les réseaux sociaux, forums et marketplaces comme plateformes d’hébergement concernées.;1;facile;notice-and-action|plateformes;Chapitre 3 - p. 19;Le mécanisme concerne notamment {{les réseaux sociaux, forums et marketplaces}}.;réseaux sociaux, forums et marketplaces;les réseaux sociaux, forums et marketplaces;les réseaux sociaux, forums et marketplaces|Fournisseurs d’accès, opérateurs réseau et DNS|Tribunaux, administrations et coordinateurs nationaux|Auteurs, interprètes et éditeurs de presse
Droit des contrats informatiques;Chapitre 3 - La responsabilité des hébergeurs de contenu;Quelle exigence d’accessibilité s’applique au système notice and action ?;Il doit être facilement accessible, compréhensible et fonctionnel;Il doit être réservé aux avocats et aux autorités judiciaires;Il doit être caché pour limiter les signalements abusifs;Il doit être disponible seulement en anglais technique;-;Le tableau indique que le système doit être accessible, clair, compréhensible et fonctionnel, avec une interface claire et une langue compréhensible.;1;facile;notice-and-action|accessibilite;Chapitre 3 - p. 20;Le système notice and action doit être {{facilement accessible, compréhensible et fonctionnel}}.;facilement accessible, compréhensible et fonctionnel|accessible, compréhensible et fonctionnel;facilement accessible, compréhensible et fonctionnel;facilement accessible, compréhensible et fonctionnel|Il doit être réservé aux avocats et aux autorités judiciaires|Il doit être caché pour limiter les signalements abusifs|Il doit être disponible seulement en anglais technique
Droit des contrats informatiques;Chapitre 3 - La responsabilité des hébergeurs de contenu;Que doit inclure une notification pour être juridiquement valable ?;Certains éléments obligatoires;Uniquement le nom de la plateforme;Uniquement une capture sans explication;Aucun élément précis en particulier;-;Le document précise que la notification doit inclure certains éléments obligatoires pour être juridiquement valable.;1;facile;notice-and-action|notification|validite;Chapitre 3 - p. 20;Pour être juridiquement valable, la notification doit inclure {{certains éléments obligatoires}}.;éléments obligatoires|certains éléments obligatoires;certains éléments obligatoires;certains éléments obligatoires|Uniquement le nom de la plateforme|Uniquement une capture sans explication|Aucun élément précis en particulier
Droit des contrats informatiques;Chapitre 3 - La responsabilité des hébergeurs de contenu;Quels éléments requis doivent figurer dans une notification notice and action ?;Lien ou description du contenu, raisons d’illicéité, coordonnées du notifiant et déclaration de bonne foi;Nom du juge compétent, numéro de TVA, licence de presse et rapport d’audit externe;Seuil d’utilisateurs, chiffre d’affaires, algorithme de recommandation et rapport annuel;Identité du créateur, montant de rémunération, cession de droits et contrat publicitaire;Revois la liste des éléments requis.;Le tableau exige un lien ou une description précise, les raisons pour lesquelles le contenu est illicite, les coordonnées du notifiant et une déclaration d’exactitude de bonne foi.;3;avancé;notice-and-action|notification|elements;Chapitre 3 - p. 20;Une notification doit contenir {{le lien ou la description du contenu, les raisons d’illicéité, les coordonnées du notifiant et une déclaration de bonne foi}}.;lien ou description du contenu, raisons d’illicéité, coordonnées du notifiant et déclaration de bonne foi;le lien ou la description du contenu, les raisons d’illicéité, les coordonnées du notifiant et une déclaration de bonne foi;le lien ou la description du contenu, les raisons d’illicéité, les coordonnées du notifiant et une déclaration de bonne foi|Nom du juge compétent, numéro de TVA, licence de presse et rapport d’audit externe|Seuil d’utilisateurs, chiffre d’affaires, algorithme de recommandation et rapport annuel|Identité du créateur, montant de rémunération, cession de droits et contrat publicitaire
Droit des contrats informatiques;Chapitre 3 - La responsabilité des hébergeurs de contenu;Quelle obligation de traitement pèse sur la plateforme après notification ?;Traiter rapidement la notification et informer le notifiant de la décision prise;Ignorer la notification jusqu’à une décision judiciaire définitive;Transférer automatiquement la notification aux autres utilisateurs;Publier la notification dans un rapport d’audit sans décision individuelle;La plateforme doit répondre et décider.;La plateforme doit traiter rapidement la notification et informer le notifiant de la décision prise.;2;moyen;notice-and-action|traitement;Chapitre 3 - p. 20;Après notification, la plateforme doit {{traiter rapidement la notification et informer le notifiant}}.;traiter rapidement la notification et informer le notifiant|traiter rapidement et informer;traiter rapidement la notification et informer le notifiant;traiter rapidement la notification et informer le notifiant|Ignorer la notification jusqu’à une décision judiciaire définitive|Transférer automatiquement la notification aux autres utilisateurs|Publier la notification dans un rapport d’audit sans décision individuelle
Droit des contrats informatiques;Chapitre 3 - La responsabilité des hébergeurs de contenu;Quelle obligation de transparence suit une décision de retrait ou de maintien ?;Expliquer les raisons du maintien ou du retrait du contenu;Masquer les raisons pour préserver le secret commercial;Publier seulement le nom du notifiant sans justification;Supprimer toute trace de la décision de modération;-;La plateforme doit expliquer les raisons du maintien ou du retrait du contenu, ce qui protège la transparence.;1;facile;notice-and-action|transparence;Chapitre 3 - p. 20;La plateforme doit expliquer les raisons {{du maintien ou du retrait du contenu}}.;maintien ou retrait du contenu|du maintien ou du retrait du contenu;du maintien ou du retrait du contenu;du maintien ou du retrait du contenu|Masquer les raisons pour préserver le secret commercial|Publier seulement le nom du notifiant sans justification|Supprimer toute trace de la décision de modération
Droit des contrats informatiques;Chapitre 3 - La responsabilité des hébergeurs de contenu;Quels recours existent si l’auteur du contenu conteste la décision de la plateforme ?;Un système interne de traitement des plaintes et éventuellement un organisme indépendant de règlement des litiges;Une suppression définitive sans aucune possibilité de plainte;Une plainte obligatoire devant la Cour de justice de l’Union européenne;Une demande de licence auprès d’un éditeur de presse uniquement;Pense à l’article 20 DSA et à l’ADR.;Le document prévoit un recours via un système interne de traitement des plaintes et éventuellement un organisme indépendant de règlement des litiges.;3;avancé;notice-and-action|recours|plainte|adr;Chapitre 3 - p. 20;En cas de contestation, l’auteur peut utiliser {{un système interne de traitement des plaintes et éventuellement un organisme indépendant de règlement des litiges}}.;système interne de traitement des plaintes et organisme indépendant de règlement des litiges|système interne de plaintes et ADR;un système interne de traitement des plaintes et éventuellement un organisme indépendant de règlement des litiges;un système interne de traitement des plaintes et éventuellement un organisme indépendant de règlement des litiges|Une suppression définitive sans aucune possibilité de plainte|Une plainte obligatoire devant la Cour de justice de l’Union européenne|Une demande de licence auprès d’un éditeur de presse uniquement
Droit des contrats informatiques;Chapitre 3 - La responsabilité des hébergeurs de contenu;Quel est un objectif du notice and action concernant les personnes touchées par des contenus illicites ?;Protéger leurs droits;Supprimer leurs recours internes;Limiter leur accès au signalement;Rendre leurs plaintes payantes et judiciaires;-;Le système notice and action vise notamment à protéger les droits des personnes concernées par des contenus illicites.;1;facile;notice-and-action|objectifs|droits;Chapitre 3 - p. 21;Le système vise à {{protéger les droits des personnes concernées}} par des contenus illicites.;protéger les droits des personnes concernées|protéger leurs droits;protéger les droits des personnes concernées;protéger les droits des personnes concernées|Supprimer leurs recours internes|Limiter leur accès au signalement|Rendre leurs plaintes payantes et judiciaires
Droit des contrats informatiques;Chapitre 3 - La responsabilité des hébergeurs de contenu;Quels exemples de contenus illicites sont associés au notice and action ?;Diffamation, discours haineux et contrefaçon;Licence, rémunération et cession de droits;Caching, mere conduit et hosting;Audit, rapport et accès chercheur;-;Le document cite la diffamation, le discours haineux et la contrefaçon comme exemples de contenus illicites.;1;facile;notice-and-action|contenus-illicites;Chapitre 3 - p. 21;Les exemples de contenus illicites sont {{diffamation, discours haineux et contrefaçon}}.;diffamation, discours haineux et contrefaçon;diffamation, discours haineux et contrefaçon;diffamation, discours haineux et contrefaçon|Licence, rémunération et cession de droits|Caching, mere conduit et hosting|Audit, rapport et accès chercheur
Droit des contrats informatiques;Chapitre 3 - La responsabilité des hébergeurs de contenu;Comment le notice and action préserve-t-il la liberté d’expression ?;Par des décisions motivées et proportionnées;Par des suppressions automatiques et non motivées;Par un filtrage généralisé sans notification;Par une absence totale de recours utilisateur;Regarde le lien entre motivation et proportionnalité.;Le document indique que le système doit préserver la liberté d’expression grâce à des décisions motivées et proportionnées.;2;moyen;notice-and-action|liberte-expression|motivation;Chapitre 3 - p. 21;Le notice and action préserve la liberté d’expression par {{des décisions motivées et proportionnées}}.;décisions motivées et proportionnées|des décisions motivées et proportionnées;des décisions motivées et proportionnées;des décisions motivées et proportionnées|Par des suppressions automatiques et non motivées|Par un filtrage généralisé sans notification|Par une absence totale de recours utilisateur
Droit des contrats informatiques;Chapitre 3 - La responsabilité des hébergeurs de contenu;Que cherche à éviter le notice and action par rapport au filtrage généralisé ?;Les suppressions abusives ou automatiques;Les décisions motivées et proportionnées;La sécurité juridique des plateformes;Les signalements par formulaire;-;Le système vise à éviter les suppressions abusives ou automatiques et se distingue du filtrage généralisé.;1;facile;notice-and-action|filtrage|suppression;Chapitre 3 - p. 21;Le notice and action vise à éviter {{les suppressions abusives ou automatiques}}.;suppressions abusives ou automatiques|les suppressions abusives ou automatiques;les suppressions abusives ou automatiques;les suppressions abusives ou automatiques|Les décisions motivées et proportionnées|La sécurité juridique des plateformes|Les signalements par formulaire
Droit des contrats informatiques;Chapitre 3 - La responsabilité des hébergeurs de contenu;Dans l’exemple du faux profil, que fait l’utilisateur pour activer le notice and action ?;Il utilise le formulaire de signalement pour soumettre une notification valide;Il demande immédiatement un audit externe de la plateforme;Il contacte directement la Commission européenne sans signalement;Il publie les données personnelles de la plateforme en réponse;L’exemple parle du formulaire “signaler”.;Dans l’exemple, l’utilisateur découvre un faux profil usurpant son identité et utilise le formulaire de signalement pour soumettre une notification valide.;2;moyen;notice-and-action|exemple|faux-profil;Chapitre 3 - p. 21;Dans l’exemple, l’utilisateur soumet {{une notification valide}} via le formulaire de signalement.;notification valide|une notification valide;une notification valide;une notification valide|Il demande immédiatement un audit externe de la plateforme|Il contacte directement la Commission européenne sans signalement|Il publie les données personnelles de la plateforme en réponse
Droit des contrats informatiques;Chapitre 3 - La responsabilité des hébergeurs de contenu;Que doit faire la plateforme dans l’exemple du faux profil après le signalement ?;Analyser le signalement, prendre une décision et la communiquer clairement;Supprimer automatiquement tous les profils similaires sans analyse;Transférer le signalement à l’utilisateur visé sans décision;Ignorer le signalement jusqu’à une décision pénale;Pense aux trois actions attendues.;La plateforme doit analyser le signalement dans un délai raisonnable, prendre une décision et la communiquer clairement.;2;moyen;notice-and-action|exemple|traitement;Chapitre 3 - p. 21;Après signalement, la plateforme doit {{analyser, décider et communiquer clairement}}.;analyser le signalement, prendre une décision et la communiquer clairement|analyser, décider et communiquer clairement;analyser, décider et communiquer clairement;analyser, décider et communiquer clairement|Supprimer automatiquement tous les profils similaires sans analyse|Transférer le signalement à l’utilisateur visé sans décision|Ignorer le signalement jusqu’à une décision pénale
Droit des contrats informatiques;Chapitre 3 - La responsabilité des hébergeurs de contenu;Qu’est-ce qu’une plateforme en ligne selon le DSA ?;Un hébergeur permettant aux utilisateurs de diffuser publiquement du contenu ou d’interagir publiquement avec d’autres;Un fournisseur d’accès qui transmet techniquement des données sans stockage;Un service de cache qui optimise la transmission ultérieure des données;Un organisme public qui contrôle les plaintes des utilisateurs belges;La définition combine hébergement et interaction publique.;Une plateforme est un hébergeur qui permet la diffusion publique de contenu ou l’interaction publique entre utilisateurs.;2;moyen;dsa|plateformes|definition;Chapitre 3 - p. 22;Une plateforme en ligne est {{un hébergeur permettant la diffusion ou l’interaction publique}}.;hébergeur permettant la diffusion ou l’interaction publique|hébergeur permettant aux utilisateurs de diffuser ou interagir publiquement;un hébergeur permettant la diffusion ou l’interaction publique;un hébergeur permettant la diffusion ou l’interaction publique|Un fournisseur d’accès qui transmet techniquement des données sans stockage|Un service de cache qui optimise la transmission ultérieure des données|Un organisme public qui contrôle les plaintes des utilisateurs belges
Droit des contrats informatiques;Chapitre 3 - La responsabilité des hébergeurs de contenu;Quels exemples de plateformes en ligne sont donnés ?;YouTube, Facebook et Amazon Marketplace;Proximus, Orange et Telenet;Cloudflare, Akamai et CDN;IBPT, APD et CSA;-;Le document cite YouTube, Facebook et Amazon Marketplace comme exemples de plateformes en ligne.;1;facile;dsa|plateformes|exemples;Chapitre 3 - p. 22;Les exemples de plateformes sont {{YouTube, Facebook et Amazon Marketplace}}.;YouTube, Facebook et Amazon Marketplace;YouTube, Facebook et Amazon Marketplace;YouTube, Facebook et Amazon Marketplace|Proximus, Orange et Telenet|Cloudflare, Akamai et CDN|IBPT, APD et CSA
Droit des contrats informatiques;Chapitre 3 - La responsabilité des hébergeurs de contenu;Quelles obligations supplémentaires pèsent sur les plateformes en ligne ?;Signalement accessible, information des utilisateurs, traitement des plaintes, coopération avec les autorités et données d’identification;Simple transmission technique, absence de signalement, absence de plaintes et secret complet des décisions;Licence obligatoire, rémunération de presse, droit voisin et cession automatique des droits;Audit annuel systématique, accès chercheur obligatoire et évaluation des risques pour tous les forums;Pense aux obligations de gouvernance renforcées.;Les plateformes ont les conditions de base de l’hébergeur, plus des obligations de signalement, d’information, de traitement des plaintes et de coopération avec les autorités.;3;avancé;dsa|plateformes|obligations;Chapitre 3 - p. 22;Les plateformes doivent prévoir {{un signalement accessible, informer les utilisateurs, traiter les plaintes et coopérer avec les autorités}}.;signalement accessible, information des utilisateurs, traitement des plaintes, coopération avec les autorités|obligations supplémentaires des plateformes;un signalement accessible, informer les utilisateurs, traiter les plaintes et coopérer avec les autorités;un signalement accessible, informer les utilisateurs, traiter les plaintes et coopérer avec les autorités|Simple transmission technique, absence de signalement, absence de plaintes et secret complet des décisions|Licence obligatoire, rémunération de presse, droit voisin et cession automatique des droits|Audit annuel systématique, accès chercheur obligatoire et évaluation des risques pour tous les forums
Droit des contrats informatiques;Chapitre 3 - La responsabilité des hébergeurs de contenu;Comment le document résume-t-il la responsabilité des plateformes ?;Responsabilité allégée, mais obligations de gouvernance renforcées;Responsabilité automatique, sans obligations de gouvernance;Responsabilité supprimée, avec absence totale de transparence;Responsabilité pénale directe, sans recours interne possible;-;Le document résume les plateformes par une responsabilité allégée, mais des obligations de gouvernance renforcées.;1;facile;dsa|plateformes|responsabilite;Chapitre 3 - p. 22;Les plateformes ont une {{responsabilité allégée, mais des obligations de gouvernance renforcées}}.;responsabilité allégée, mais obligations de gouvernance renforcées;responsabilité allégée, mais des obligations de gouvernance renforcées;responsabilité allégée, mais des obligations de gouvernance renforcées|Responsabilité automatique, sans obligations de gouvernance|Responsabilité supprimée, avec absence totale de transparence|Responsabilité pénale directe, sans recours interne possible
Droit des contrats informatiques;Chapitre 3 - La responsabilité des hébergeurs de contenu;Que sont les VLOPs et VLOSEs ?;Des plateformes ou moteurs de recherche avec plus de 45 millions d’utilisateurs actifs mensuels dans l’UE;Des hébergeurs locaux avec moins de 45 millions d’utilisateurs dans l’UE;Des fournisseurs d’accès nationaux qui transmettent seulement des données;Des organismes de règlement extrajudiciaire certifiés par l’IBPT;-;Les VLOPs et VLOSEs sont des très grandes plateformes ou moteurs de recherche dépassant 45 millions d’utilisateurs actifs mensuels dans l’Union européenne.;1;facile;dsa|vlop|vlose|definition;Chapitre 3 - p. 23;Les VLOPs et VLOSEs ont plus de {{45 millions d’utilisateurs actifs mensuels dans l’UE}}.;45 millions d’utilisateurs actifs mensuels dans l’UE|plus de 45 millions d’utilisateurs actifs mensuels dans l’UE;45 millions d’utilisateurs actifs mensuels dans l’UE;45 millions d’utilisateurs actifs mensuels dans l’UE|Des hébergeurs locaux avec moins de 45 millions d’utilisateurs dans l’UE|Des fournisseurs d’accès nationaux qui transmettent seulement des données|Des organismes de règlement extrajudiciaire certifiés par l’IBPT
Droit des contrats informatiques;Chapitre 3 - La responsabilité des hébergeurs de contenu;Quels risques systémiques sont cités pour les VLOPs et VLOSEs ?;Désinformation, atteintes aux droits fondamentaux et sécurité des mineurs;Absence de licence, défaut de rémunération et cession abusive de droits;Caches techniques, normes de mise à jour et technologies de mesure;Transmission réseau, choix du destinataire et modification des données;Pense aux risques sociaux et fondamentaux.;Le document cite la désinformation, les atteintes aux droits fondamentaux et la sécurité des mineurs comme risques systémiques.;2;moyen;dsa|vlop|risques-systemiques;Chapitre 3 - p. 23;Les risques systémiques incluent {{la désinformation, les atteintes aux droits fondamentaux et la sécurité des mineurs}}.;désinformation, atteintes aux droits fondamentaux et sécurité des mineurs;la désinformation, les atteintes aux droits fondamentaux et la sécurité des mineurs;la désinformation, les atteintes aux droits fondamentaux et la sécurité des mineurs|Absence de licence, défaut de rémunération et cession abusive de droits|Caches techniques, normes de mise à jour et technologies de mesure|Transmission réseau, choix du destinataire et modification des données
Droit des contrats informatiques;Chapitre 3 - La responsabilité des hébergeurs de contenu;Quelles obligations systémiques pèsent sur les VLOPs et VLOSEs ?;Évaluation des risques, réduction des risques, audits externes, rapports de transparence et accès aux données pour chercheurs agréés;Simple retrait des contenus notifiés, absence d’audit, secret des données et refus de coopération scientifique;Transmission passive des données, absence de modification et non-sélection du destinataire uniquement;Rémunération des éditeurs de presse, licences obligatoires et cession des droits voisins uniquement;Revois la liste complète des obligations systémiques.;Les VLOPs et VLOSEs doivent évaluer les risques, réduire ces risques, se soumettre à des audits, publier des rapports et donner accès à certaines données aux chercheurs agréés.;3;avancé;dsa|vlop|obligations-systemiques;Chapitre 3 - p. 23;Les VLOPs et VLOSEs doivent prévoir {{évaluation des risques, réduction des risques, audits externes, rapports de transparence et accès aux données}}.;évaluation des risques, réduction des risques, audits externes, rapports de transparence et accès aux données;évaluation des risques, réduction des risques, audits externes, rapports de transparence et accès aux données;évaluation des risques, réduction des risques, audits externes, rapports de transparence et accès aux données|Simple retrait des contenus notifiés, absence d’audit, secret des données et refus de coopération scientifique|Transmission passive des données, absence de modification et non-sélection du destinataire uniquement|Rémunération des éditeurs de presse, licences obligatoires et cession des droits voisins uniquement
Droit des contrats informatiques;Chapitre 3 - La responsabilité des hébergeurs de contenu;Quel est l’objectif des obligations imposées aux VLOPs et VLOSEs ?;Encadrer les géants du numérique et limiter leur pouvoir de nuisance;Favoriser leur absence de transparence et leur pouvoir de modération privé;Supprimer les droits fondamentaux au profit de la publicité numérique;Limiter les signalements aux contenus de droit d’auteur uniquement;-;Le document précise que ces obligations visent à encadrer les géants du numérique et à limiter leur pouvoir de nuisance.;1;facile;dsa|vlop|objectif;Chapitre 3 - p. 23;L’objectif est d’{{encadrer les géants du numérique et limiter leur pouvoir de nuisance}}.;encadrer les géants du numérique et limiter leur pouvoir de nuisance;encadrer les géants du numérique et limiter leur pouvoir de nuisance;encadrer les géants du numérique et limiter leur pouvoir de nuisance|Favoriser leur absence de transparence et leur pouvoir de modération privé|Supprimer les droits fondamentaux au profit de la publicité numérique|Limiter les signalements aux contenus de droit d’auteur uniquement
Droit des contrats informatiques;Chapitre 3 - La responsabilité des hébergeurs de contenu;Quelle autorité contrôle principalement les VLOPs et VLOSEs au niveau européen ?;La Commission européenne;L’IBPT;L’APD;Le CSA;-;Le document indique que la Commission européenne est l’autorité principale de contrôle pour les VLOPs et VLOSEs.;1;facile;dsa|commission-europeenne|controle;Chapitre 3 - p. 24;Au niveau européen, l’autorité principale de contrôle des VLOPs et VLOSEs est {{la Commission européenne}}.;Commission européenne|la Commission européenne;la Commission européenne;la Commission européenne|L’IBPT|L’APD|Le CSA
Droit des contrats informatiques;Chapitre 3 - La responsabilité des hébergeurs de contenu;Quelle sanction financière maximale la Commission européenne peut-elle imposer ?;Une amende allant jusqu’à 6 % du chiffre d’affaires mondial annuel;Une amende allant jusqu’à 45 millions d’euros forfaitaires;Une amende égale à 15 % du chiffre d’affaires européen mensuel;Une amende limitée aux revenus publicitaires belges;-;Le document précise que la Commission peut imposer des amendes jusqu’à 6 % du chiffre d’affaires mondial annuel.;1;facile;dsa|commission|amende;Chapitre 3 - p. 24;La Commission peut imposer une amende jusqu’à {{6 % du chiffre d’affaires mondial annuel}}.;6 % du chiffre d’affaires mondial annuel|six pour cent du chiffre d’affaires mondial annuel;6 % du chiffre d’affaires mondial annuel;6 % du chiffre d’affaires mondial annuel|Une amende allant jusqu’à 45 millions d’euros forfaitaires|Une amende égale à 15 % du chiffre d’affaires européen mensuel|Une amende limitée aux revenus publicitaires belges
Droit des contrats informatiques;Chapitre 3 - La responsabilité des hébergeurs de contenu;Quels pouvoirs la Commission européenne possède-t-elle dans le contrôle du DSA ?;Ouvrir des enquêtes, imposer des amendes, ordonner des mesures correctrices, accéder aux données internes et coopérer avec des chercheurs agréés;Recevoir seulement les plaintes belges, transmettre aux plateformes et refuser toute mesure correctrice;Créer des droits voisins, fixer la rémunération des auteurs et négocier les licences;Traiter uniquement les signalements individuels sans enquête ni accès aux données;Revois la liste des pouvoirs de contrôle.;La Commission peut enquêter, sanctionner, ordonner des corrections, accéder aux données internes des plateformes et coopérer avec des chercheurs agréés.;3;avancé;dsa|commission|pouvoirs;Chapitre 3 - p. 24;La Commission peut {{ouvrir des enquêtes, imposer des amendes, ordonner des mesures correctrices, accéder aux données internes et coopérer avec des chercheurs agréés}}.;ouvrir des enquêtes, imposer des amendes, ordonner des mesures correctrices, accéder aux données internes et coopérer avec des chercheurs agréés;ouvrir des enquêtes, imposer des amendes, ordonner des mesures correctrices, accéder aux données internes et coopérer avec des chercheurs agréés;ouvrir des enquêtes, imposer des amendes, ordonner des mesures correctrices, accéder aux données internes et coopérer avec des chercheurs agréés|Recevoir seulement les plaintes belges, transmettre aux plateformes et refuser toute mesure correctrice|Créer des droits voisins, fixer la rémunération des auteurs et négocier les licences|Traiter uniquement les signalements individuels sans enquête ni accès aux données
Droit des contrats informatiques;Chapitre 3 - La responsabilité des hébergeurs de contenu;Sur quelle plateforme la Commission a-t-elle ouvert une enquête liée à l’élection présidentielle roumaine ?;TikTok;X;Telegram;Google Search;-;Le document présente une enquête sur TikTok concernant l’élection présidentielle roumaine de décembre 2024.;1;facile;dsa|commission|tiktok|exemple;Chapitre 3 - p. 25;L’enquête liée à l’élection présidentielle roumaine concernait {{TikTok}}.;TikTok|tiktok;TikTok;TikTok|X|Telegram|Google Search
Droit des contrats informatiques;Chapitre 3 - La responsabilité des hébergeurs de contenu;Quel était le contexte de l’enquête sur TikTok en décembre 2024 ?;Des allégations d’influence étrangère lors de l’élection présidentielle roumaine en faveur d’un candidat d’extrême droite;Des soupçons de contrefaçon musicale massive sur une marketplace belge;Une plainte d’un utilisateur contre un faux profil contenant ses données personnelles;Une demande de rémunération de presse contre Google Actualités;Revois le contexte électoral roumain.;Le document explique que des acteurs étrangers auraient utilisé TikTok pour influencer l’élection présidentielle roumaine en faveur d’un candidat d’extrême droite.;3;avancé;dsa|commission|tiktok|elections;Chapitre 3 - p. 25;L’enquête TikTok concernait des allégations d’{{influence étrangère lors de l’élection présidentielle roumaine}}.;influence étrangère lors de l’élection présidentielle roumaine|acteurs étrangers influençant l’élection présidentielle roumaine;influence étrangère lors de l’élection présidentielle roumaine;influence étrangère lors de l’élection présidentielle roumaine|Des soupçons de contrefaçon musicale massive sur une marketplace belge|Une plainte d’un utilisateur contre un faux profil contenant ses données personnelles|Une demande de rémunération de presse contre Google Actualités
Droit des contrats informatiques;Chapitre 3 - La responsabilité des hébergeurs de contenu;Quelle plateforme a fait l’objet d’une procédure formelle pour manquements présumés en décembre 2023 ?;X, anciennement Twitter;TikTok;Telegram;Amazon Marketplace;-;Le document mentionne une procédure formelle contre X, anciennement Twitter, en décembre 2023.;1;facile;dsa|commission|x|procedure;Chapitre 3 - p. 26;La procédure formelle de décembre 2023 visait {{X, anciennement Twitter}}.;X|Twitter|X, anciennement Twitter;X, anciennement Twitter;X, anciennement Twitter|TikTok|Telegram|Amazon Marketplace
Droit des contrats informatiques;Chapitre 3 - La responsabilité des hébergeurs de contenu;Quels problèmes ont motivé la procédure formelle contre X ?;La diffusion de contenus haineux et de désinformation, notamment après les attaques du 7 octobre en Israël;L’absence de droit voisin pour les éditeurs de presse dans Google Actualités;Le défaut de représentant légal de Telegram pour tout le marché européen;Le stockage temporaire de données dans un service de cache technique;Pense aux contenus et à la désinformation.;Le document explique que des préoccupations concernaient les contenus haineux et la désinformation sur X, notamment après les attaques du 7 octobre en Israël.;3;avancé;dsa|commission|x|desinformation;Chapitre 3 - p. 26;La procédure contre X concernait {{la diffusion de contenus haineux et de désinformation}}.;diffusion de contenus haineux et de désinformation|contenus haineux et désinformation;la diffusion de contenus haineux et de désinformation;la diffusion de contenus haineux et de désinformation|L’absence de droit voisin pour les éditeurs de presse dans Google Actualités|Le défaut de représentant légal de Telegram pour tout le marché européen|Le stockage temporaire de données dans un service de cache technique
Droit des contrats informatiques;Chapitre 3 - La responsabilité des hébergeurs de contenu;Quelle demande la Commission a-t-elle adressée à X en janvier 2025 ?;Une demande de documents internes sur les algorithmes de recommandation;Une demande de licence pour les contenus de presse repris;Une demande de suppression du mécanisme de plaintes internes;Une demande de transfert du siège européen vers la Belgique;-;Le document présente une demande de documents internes à X sur ses algorithmes de recommandation en janvier 2025.;1;facile;dsa|commission|x|algorithmes;Chapitre 3 - p. 27;En janvier 2025, la Commission a demandé à X des documents internes sur {{les algorithmes de recommandation}}.;algorithmes de recommandation|les algorithmes de recommandation;les algorithmes de recommandation;les algorithmes de recommandation|Une demande de licence pour les contenus de presse repris|Une demande de suppression du mécanisme de plaintes internes|Une demande de transfert du siège européen vers la Belgique
Droit des contrats informatiques;Chapitre 3 - La responsabilité des hébergeurs de contenu;Pourquoi les algorithmes de recommandation de X étaient-ils examinés ?;Ils étaient soupçonnés de favoriser la diffusion de contenus problématiques;Ils étaient soupçonnés de rémunérer excessivement les éditeurs de presse;Ils étaient soupçonnés de bloquer tous les contenus signalés par erreur;Ils étaient soupçonnés de remplacer les coordinateurs nationaux;Pense à l’effet possible des recommandations.;Le document indique que les algorithmes étaient soupçonnés de favoriser la diffusion de contenus problématiques.;2;moyen;dsa|x|algorithmes|contenus-problematiques;Chapitre 3 - p. 27;Les algorithmes étaient examinés car ils pouvaient favoriser {{la diffusion de contenus problématiques}}.;diffusion de contenus problématiques|la diffusion de contenus problématiques;la diffusion de contenus problématiques;la diffusion de contenus problématiques|Ils étaient soupçonnés de rémunérer excessivement les éditeurs de presse|Ils étaient soupçonnés de bloquer tous les contenus signalés par erreur|Ils étaient soupçonnés de remplacer les coordinateurs nationaux
Droit des contrats informatiques;Chapitre 3 - La responsabilité des hébergeurs de contenu;Quelle date limite était fixée à X pour fournir les documents demandés ?;Le 15 février 2025;Le 17 décembre 2024;Le 7 octobre 2023;Le 11 mars 2003;-;Le document indique que la demande officielle à X fixait une date limite au 15 février 2025.;1;facile;dsa|x|algorithmes|dates;Chapitre 3 - p. 27;La date limite fixée à X était {{le 15 février 2025}}.;15 février 2025|le 15 février 2025;le 15 février 2025;le 15 février 2025|Le 17 décembre 2024|Le 7 octobre 2023|Le 11 mars 2003
Droit des contrats informatiques;Chapitre 3 - La responsabilité des hébergeurs de contenu;Que doit désigner chaque État membre au niveau national sous le DSA ?;Un Digital Services Coordinator;Un très grand moteur de recherche;Un titulaire de droits national;Un agrégateur de presse certifié;-;Le document explique que chaque État membre doit désigner un Digital Services Coordinator, ou coordinateur des services numériques.;1;facile;dsa|dsc|autorites-nationales;Chapitre 3 - p. 28;Chaque État membre doit désigner {{un Digital Services Coordinator}}.;Digital Services Coordinator|coordinateur des services numériques|DSC;un Digital Services Coordinator;un Digital Services Coordinator|Un très grand moteur de recherche|Un titulaire de droits national|Un agrégateur de presse certifié
Droit des contrats informatiques;Chapitre 3 - La responsabilité des hébergeurs de contenu;Quel est le rôle d’un Digital Services Coordinator ?;Surveiller les prestataires établis sur son territoire, recevoir les plaintes et coopérer avec les autres DSC;Contrôler exclusivement les VLOPs au niveau européen et imposer les amendes mondiales;Créer les droits voisins des éditeurs et négocier les licences d’auteur;Publier les contenus des utilisateurs et gérer leurs comptes personnels;Revois les trois missions nationales.;Le DSC surveille les prestataires établis sur son territoire hors VLOPs, reçoit les plaintes et coopère horizontalement avec les autres DSC dans l’UE.;3;avancé;dsa|dsc|missions;Chapitre 3 - p. 28;Le DSC doit {{surveiller les prestataires, recevoir les plaintes et coopérer avec les autres DSC}}.;surveiller les prestataires, recevoir les plaintes et coopérer avec les autres DSC;surveiller les prestataires, recevoir les plaintes et coopérer avec les autres DSC;surveiller les prestataires, recevoir les plaintes et coopérer avec les autres DSC|Contrôler exclusivement les VLOPs au niveau européen et imposer les amendes mondiales|Créer les droits voisins des éditeurs et négocier les licences d’auteur|Publier les contenus des utilisateurs et gérer leurs comptes personnels
Droit des contrats informatiques;Chapitre 3 - La responsabilité des hébergeurs de contenu;Quelle institution est le Coordinateur des services numériques en Belgique ?;L’IBPT;La Commission européenne;Google Search;L’EDSR;-;En Belgique, le rôle de Coordinateur des services numériques a été confié à l’IBPT.;1;facile;belgique|ibpt|dsc;Chapitre 3 - p. 28;En Belgique, le Coordinateur des services numériques est {{l’IBPT}}.;IBPT|l’IBPT|Institut belge des services postaux et des télécommunications;l’IBPT;l’IBPT|La Commission européenne|Google Search|L’EDSR
Droit des contrats informatiques;Chapitre 3 - La responsabilité des hébergeurs de contenu;Avec quelles autorités belges l’IBPT coopère-t-il selon le document ?;APD, FPS Économie et CSA;YouTube, TikTok et Instagram;OVH, Dropbox et Wordpress.com;Cloudflare, Akamai et CDN;-;Le document mentionne la coopération de l’IBPT avec l’APD, le FPS Économie et le CSA.;1;facile;belgique|ibpt|cooperation;Chapitre 3 - p. 28;L’IBPT coopère avec {{APD, FPS Économie et CSA}}.;APD, FPS Économie et CSA|APD FPS Économie CSA;APD, FPS Économie et CSA;APD, FPS Économie et CSA|YouTube, TikTok et Instagram|OVH, Dropbox et Wordpress.com|Cloudflare, Akamai et CDN
Droit des contrats informatiques;Chapitre 3 - La responsabilité des hébergeurs de contenu;Quelle plateforme illustre l’intervention de l’IBPT comme coordinateur belge ?;Telegram;TikTok;X;Google News;-;Le document donne Telegram comme exemple notable d’intervention de l’IBPT.;1;facile;belgique|ibpt|telegram;Chapitre 3 - p. 29;L’exemple notable d’intervention de l’IBPT concerne {{Telegram}}.;Telegram|telegram;Telegram;Telegram|TikTok|X|Google News
Droit des contrats informatiques;Chapitre 3 - La responsabilité des hébergeurs de contenu;Quelle obligation du DSA est au cœur de l’exemple Telegram ?;Désigner un représentant légal dans un État membre de l’UE;Créer un droit voisin pour les éditeurs de presse européens;Publier un rapport de transparence uniquement en Belgique;Obtenir une licence pour chaque message privé envoyé;Pense au représentant légal européen.;Dans l’exemple, les plateformes opérant en Europe doivent désigner un représentant légal dans un État membre de l’Union européenne.;2;moyen;dsa|telegram|representant-legal;Chapitre 3 - p. 29;Les plateformes opérant en Europe doivent {{désigner un représentant légal dans un État membre de l’UE}}.;désigner un représentant légal dans un État membre de l’UE|désigner un représentant légal dans l’UE;désigner un représentant légal dans un État membre de l’UE;désigner un représentant légal dans un État membre de l’UE|Créer un droit voisin pour les éditeurs de presse européens|Publier un rapport de transparence uniquement en Belgique|Obtenir une licence pour chaque message privé envoyé
Droit des contrats informatiques;Chapitre 3 - La responsabilité des hébergeurs de contenu;Quelle entreprise belge Telegram a-t-elle choisie comme représentant légal ?;European Digital Services Representative;Institut belge des services postaux et des télécommunications;Autorité de protection des données;Fédération européenne des plateformes sociales;-;Le document indique que Telegram a choisi l’European Digital Services Representative comme représentant légal.;1;facile;telegram|edsr|representant-legal;Chapitre 3 - p. 29;Telegram a choisi {{European Digital Services Representative}} comme représentant légal.;European Digital Services Representative|EDSR;European Digital Services Representative;European Digital Services Representative|Institut belge des services postaux et des télécommunications|Autorité de protection des données|Fédération européenne des plateformes sociales
Droit des contrats informatiques;Chapitre 3 - La responsabilité des hébergeurs de contenu;Quelle conséquence la désignation d’un représentant belge a-t-elle pour Telegram ?;Telegram est placé sous la supervision de l’IBPT pour l’ensemble du marché européen;Telegram est placé sous le contrôle exclusif de la Commission pour tous les contenus;Telegram devient automatiquement une plateforme belge sans obligation européenne;Telegram échappe au DSA pour les signalements réalisés hors Belgique;Regarde le rôle de l’IBPT après désignation belge.;La désignation d’un représentant légal belge place Telegram sous la supervision de l’IBPT pour l’ensemble du marché européen.;2;moyen;telegram|ibpt|supervision;Chapitre 3 - p. 29;La désignation belge place Telegram sous la supervision de l’IBPT pour {{l’ensemble du marché européen}}.;ensemble du marché européen|l’ensemble du marché européen;l’ensemble du marché européen;l’ensemble du marché européen|Telegram est placé sous le contrôle exclusif de la Commission pour tous les contenus|Telegram devient automatiquement une plateforme belge sans obligation européenne|Telegram échappe au DSA pour les signalements réalisés hors Belgique
Droit des contrats informatiques;Chapitre 3 - La responsabilité des hébergeurs de contenu;Que peut faire un utilisateur européen si Telegram ne traite pas correctement un signalement ?;Déposer une plainte auprès de l’IBPT;Saisir uniquement Google Search;Demander une licence auprès de Telegram;Contacter exclusivement l’éditeur de presse;-;Le document précise qu’un utilisateur européen peut déposer une plainte auprès de l’IBPT si Telegram ne prend pas les mesures appropriées.;1;facile;telegram|ibpt|plainte;Chapitre 3 - p. 29;Si Telegram ne traite pas correctement un signalement, l’utilisateur peut déposer {{une plainte auprès de l’IBPT}}.;plainte auprès de l’IBPT|une plainte auprès de l’IBPT;une plainte auprès de l’IBPT;une plainte auprès de l’IBPT|Saisir uniquement Google Search|Demander une licence auprès de Telegram|Contacter exclusivement l’éditeur de presse
Droit des contrats informatiques;Chapitre 3 - La responsabilité des hébergeurs de contenu;Dans l’illustration, quel problème Sophie rencontre-t-elle ?;Un commentaire diffamatoire contenant ses données personnelles est publié sur une plateforme sociale;Une plateforme refuse de rémunérer un éditeur de presse pour un extrait d’article;Un service de caching ne respecte pas les normes de mise à jour technique;Un fournisseur d’accès modifie les données transmises sur le réseau;Pense au commentaire, à la diffamation et aux données personnelles.;L’illustration décrit Sophie, utilisatrice belge, confrontée à un commentaire diffamatoire contenant son adresse et son numéro de téléphone.;2;moyen;procedure|plainte|sophie;Chapitre 3 - p. 30;Sophie découvre un commentaire {{diffamatoire contenant ses données personnelles}}.;commentaire diffamatoire contenant ses données personnelles|diffamatoire contenant ses données personnelles;diffamatoire contenant ses données personnelles;diffamatoire contenant ses données personnelles|Une plateforme refuse de rémunérer un éditeur de presse pour un extrait d’article|Un service de caching ne respecte pas les normes de mise à jour technique|Un fournisseur d’accès modifie les données transmises sur le réseau
Droit des contrats informatiques;Chapitre 3 - La responsabilité des hébergeurs de contenu;Quelle est la première étape obligatoire pour Sophie ?;Le signalement direct à la plateforme;La plainte immédiate devant la Commission européenne;L’action judiciaire directe sans notification préalable;La demande d’audit externe auprès des chercheurs agréés;-;L’étape 1 est le signalement direct à la plateforme, présenté comme obligatoire.;1;facile;procedure|sophie|signalement;Chapitre 3 - p. 30;La première étape obligatoire est {{le signalement direct à la plateforme}}.;signalement direct à la plateforme|le signalement direct à la plateforme;le signalement direct à la plateforme;le signalement direct à la plateforme|La plainte immédiate devant la Commission européenne|L’action judiciaire directe sans notification préalable|La demande d’audit externe auprès des chercheurs agréés
Droit des contrats informatiques;Chapitre 3 - La responsabilité des hébergeurs de contenu;Quel article du DSA impose un système de notice and action clair et accessible ?;L’article 16 DSA;L’article 20 DSA;L’article 33 DSA;L’article 6 DSA uniquement;-;L’illustration précise que l’article 16 DSA impose un système de notice and action clair et facilement accessible.;1;facile;dsa|article-16|notice-and-action;Chapitre 3 - p. 30;L’article qui impose un système notice and action clair et accessible est {{l’article 16 DSA}}.;article 16 DSA|l’article 16 DSA|16 DSA;l’article 16 DSA;l’article 16 DSA|L’article 20 DSA|L’article 33 DSA|L’article 6 DSA uniquement
Droit des contrats informatiques;Chapitre 3 - La responsabilité des hébergeurs de contenu;Que doit préciser Sophie dans sa notification formelle à la plateforme ?;Le contenu visé, les raisons de son illicéité manifeste et ses coordonnées;Le chiffre d’affaires mondial de la plateforme et son rapport d’audit;La licence d’auteur applicable et la rémunération équitable demandée;Le nom du chercheur agréé et l’algorithme de recommandation utilisé;Regarde les trois éléments listés dans l’étape 1.;Sophie doit préciser le contenu visé, expliquer pourquoi il est manifestement illicite et fournir ses coordonnées.;2;moyen;procedure|sophie|notification;Chapitre 3 - p. 30;La notification de Sophie doit préciser {{le contenu visé, les raisons de son illicéité manifeste et ses coordonnées}}.;contenu visé, raisons d’illicéité manifeste et coordonnées|le contenu visé, les raisons de son illicéité manifeste et ses coordonnées;le contenu visé, les raisons de son illicéité manifeste et ses coordonnées;le contenu visé, les raisons de son illicéité manifeste et ses coordonnées|Le chiffre d’affaires mondial de la plateforme et son rapport d’audit|La licence d’auteur applicable et la rémunération équitable demandée|Le nom du chercheur agréé et l’algorithme de recommandation utilisé
Droit des contrats informatiques;Chapitre 3 - La responsabilité des hébergeurs de contenu;Quels éléments permettent d’identifier le contenu visé dans la notification de Sophie ?;Lien, capture d’écran et date;Nom du juge, numéro fiscal et licence;Rapport d’audit, algorithme et chiffre d’affaires;Contrat d’auteur, cession et rémunération;-;L’étape 1 cite le lien, la capture d’écran et la date comme éléments permettant d’identifier le contenu visé.;1;facile;procedure|sophie|preuves;Chapitre 3 - p. 30;Le contenu visé peut être précisé par {{un lien, une capture d’écran et une date}}.;lien, capture d’écran et date;un lien, une capture d’écran et une date;un lien, une capture d’écran et une date|Nom du juge, numéro fiscal et licence|Rapport d’audit, algorithme et chiffre d’affaires|Contrat d’auteur, cession et rémunération
Droit des contrats informatiques;Chapitre 3 - La responsabilité des hébergeurs de contenu;Pourquoi Sophie considère-t-elle le contenu manifestement illicite ?;Pour diffamation et atteinte à sa vie privée;Pour absence de licence d’auteur et droit voisin impayé;Pour défaut d’audit externe et risque systémique;Pour non-respect des normes de cache et analytics;-;Dans l’exemple, le contenu est manifestement illicite selon Sophie parce qu’il contient une diffamation et une atteinte à sa vie privée.;1;facile;procedure|sophie|illiceite;Chapitre 3 - p. 30;Sophie invoque {{la diffamation et l’atteinte à sa vie privée}}.;diffamation et atteinte à sa vie privée|diffamation + atteinte à sa vie privée;la diffamation et l’atteinte à sa vie privée;la diffamation et l’atteinte à sa vie privée|Pour absence de licence d’auteur et droit voisin impayé|Pour défaut d’audit externe et risque systémique|Pour non-respect des normes de cache et analytics
Droit des contrats informatiques;Chapitre 3 - La responsabilité des hébergeurs de contenu;Quelle est la deuxième étape de la procédure de Sophie ?;Une réclamation auprès du Coordinateur des services numériques;Un audit externe obligatoire de la plateforme sociale;Une demande de licence auprès des titulaires de droits;Une plainte directe auprès des chercheurs agréés;-;L’étape 2 est une réclamation auprès du Coordinateur des services numériques.;1;facile;procedure|sophie|dsc;Chapitre 3 - p. 31;La deuxième étape est {{une réclamation auprès du Coordinateur des services numériques}}.;réclamation auprès du Coordinateur des services numériques|réclamation auprès du DSC;une réclamation auprès du Coordinateur des services numériques;une réclamation auprès du Coordinateur des services numériques|Un audit externe obligatoire de la plateforme sociale|Une demande de licence auprès des titulaires de droits|Une plainte directe auprès des chercheurs agréés
Droit des contrats informatiques;Chapitre 3 - La responsabilité des hébergeurs de contenu;Quels documents Sophie doit-elle fournir à l’IBPT ?;Preuve du signalement initial non traité, explication du préjudice subi et preuves du contenu illicite;Rapport d’audit externe, seuil d’utilisateurs actifs et documents internes d’algorithme;Contrat de cession de droits, licence d’éditeur et preuve de rémunération;Décision de la Commission, enquête TikTok et plainte contre X;Regarde les trois éléments exigés à l’étape 2.;Pour sa réclamation, Sophie doit fournir la preuve du signalement initial non traité, expliquer son préjudice et prouver le contenu illicite.;3;avancé;procedure|sophie|ibpt|preuves;Chapitre 3 - p. 31;Sophie doit fournir {{la preuve du signalement initial non traité, l’explication du préjudice subi et les preuves du contenu illicite}}.;preuve du signalement initial non traité, explication du préjudice subi et preuves du contenu illicite;la preuve du signalement initial non traité, l’explication du préjudice subi et les preuves du contenu illicite;la preuve du signalement initial non traité, l’explication du préjudice subi et les preuves du contenu illicite|Rapport d’audit externe, seuil d’utilisateurs actifs et documents internes d’algorithme|Contrat de cession de droits, licence d’éditeur et preuve de rémunération|Décision de la Commission, enquête TikTok et plainte contre X
Droit des contrats informatiques;Chapitre 3 - La responsabilité des hébergeurs de contenu;Que peut faire l’IBPT après la plainte de Sophie ?;Enquêter, demander des informations, ordonner une mise en conformité ou transmettre à la Commission si VLOP/VLOSE;Créer un droit voisin, fixer une rémunération et imposer une licence de presse;Supprimer automatiquement le compte de Sophie et clore la plainte;Modifier directement les données publiées par la plateforme étrangère;Pense aux pouvoirs de l’IBPT et à la transmission possible.;L’IBPT peut enquêter sur la conformité, demander des informations, ordonner une mise en conformité et transmettre à la Commission si la plateforme est un VLOP ou VLOSE.;3;avancé;procedure|sophie|ibpt|pouvoirs;Chapitre 3 - p. 31;Après plainte, l’IBPT peut {{enquêter, demander des informations, ordonner une mise en conformité ou transmettre à la Commission}}.;enquêter, demander des informations, ordonner une mise en conformité ou transmettre à la Commission;enquêter, demander des informations, ordonner une mise en conformité ou transmettre à la Commission;enquêter, demander des informations, ordonner une mise en conformité ou transmettre à la Commission|Créer un droit voisin, fixer une rémunération et imposer une licence de presse|Supprimer automatiquement le compte de Sophie et clore la plainte|Modifier directement les données publiées par la plateforme étrangère
Droit des contrats informatiques;Chapitre 3 - La responsabilité des hébergeurs de contenu;Quel mécanisme interne est obligatoire pour les plateformes selon l’article 20 DSA ?;Un mécanisme interne de traitement des plaintes;Un mécanisme interne de fixation des licences de presse;Un mécanisme interne de choix des juges compétents;Un mécanisme interne de suppression des droits fondamentaux;-;Le document indique que l’article 20 DSA rend obligatoire un mécanisme interne de traitement des plaintes pour les plateformes.;1;facile;dsa|article-20|plaintes;Chapitre 3 - p. 32;L’article 20 DSA prévoit {{un mécanisme interne de traitement des plaintes}}.;mécanisme interne de traitement des plaintes|un mécanisme interne de traitement des plaintes;un mécanisme interne de traitement des plaintes;un mécanisme interne de traitement des plaintes|Un mécanisme interne de fixation des licences de presse|Un mécanisme interne de choix des juges compétents|Un mécanisme interne de suppression des droits fondamentaux
Droit des contrats informatiques;Chapitre 3 - La responsabilité des hébergeurs de contenu;Quel recours extrajudiciaire Sophie peut-elle utiliser ?;Un organisme de règlement extrajudiciaire des litiges certifié par l’IBPT;Un tribunal pénal étranger désigné par la plateforme;Un service de caching certifié par les auteurs;Un agrégateur de presse désigné par Google Actualités;Pense à l’ADR certifié.;Sophie peut recourir à un organisme de règlement extrajudiciaire des litiges certifié par l’IBPT.;2;moyen;procedure|sophie|adr|ibpt;Chapitre 3 - p. 32;Sophie peut recourir à {{un organisme de règlement extrajudiciaire des litiges certifié par l’IBPT}}.;organisme de règlement extrajudiciaire des litiges certifié par l’IBPT|ADR certifié par l’IBPT;un organisme de règlement extrajudiciaire des litiges certifié par l’IBPT;un organisme de règlement extrajudiciaire des litiges certifié par l’IBPT|Un tribunal pénal étranger désigné par la plateforme|Un service de caching certifié par les auteurs|Un agrégateur de presse désigné par Google Actualités
Droit des contrats informatiques;Chapitre 3 - La responsabilité des hébergeurs de contenu;Quel est l’objectif des recours alternatifs prévus par le DSA ?;Offrir une voie rapide, gratuite ou peu coûteuse, et non judiciaire;Imposer une procédure lente, coûteuse et uniquement judiciaire;Remplacer toute modération par un filtrage généralisé obligatoire;Réserver les plaintes aux seules plateformes de plus de 45 millions d’utilisateurs;-;Le document indique que le DSA veut offrir une voie rapide, gratuite ou peu coûteuse, et non judiciaire.;1;facile;dsa|recours|objectif;Chapitre 3 - p. 32;L’objectif est d’offrir une voie {{rapide, gratuite ou peu coûteuse, et non judiciaire}}.;rapide, gratuite ou peu coûteuse, et non judiciaire;rapide, gratuite ou peu coûteuse, et non judiciaire;rapide, gratuite ou peu coûteuse, et non judiciaire|Imposer une procédure lente, coûteuse et uniquement judiciaire|Remplacer toute modération par un filtrage généralisé obligatoire|Réserver les plaintes aux seules plateformes de plus de 45 millions d’utilisateurs
Droit des contrats informatiques;Chapitre 3 - La responsabilité des hébergeurs de contenu;Que peut faire Sophie si aucune solution amiable n’est trouvée ?;Intenter une action en cessation ou en responsabilité civile devant le tribunal compétent;Demander automatiquement à l’IBPT de supprimer le DSA;Utiliser uniquement le formulaire de signalement sans autre recours;Saisir un agrégateur de presse pour obtenir une rémunération;Pense à l’étape judiciaire.;Si aucune solution amiable n’est trouvée, Sophie peut introduire une action en cessation ou en responsabilité civile devant le tribunal compétent.;2;moyen;procedure|sophie|recours-judiciaire;Chapitre 3 - p. 32;Sans solution amiable, Sophie peut intenter {{une action en cessation ou en responsabilité civile}}.;action en cessation ou en responsabilité civile|une action en cessation ou en responsabilité civile;une action en cessation ou en responsabilité civile;une action en cessation ou en responsabilité civile|Demander automatiquement à l’IBPT de supprimer le DSA|Utiliser uniquement le formulaire de signalement sans autre recours|Saisir un agrégateur de presse pour obtenir une rémunération
Droit des contrats informatiques;Chapitre 3 - La responsabilité des hébergeurs de contenu;Quelle sanction l’IBPT peut-il infliger si la plateforme ne respecte pas ses obligations légales ?;Une amende administrative;Une peine d’emprisonnement automatique;Une licence de droit d’auteur obligatoire;Un transfert forcé vers Google Search;-;Le document précise que l’IBPT peut infliger une amende administrative si la plateforme ne respecte pas ses obligations légales.;1;facile;procedure|ibpt|sanctions;Chapitre 3 - p. 32;L’IBPT peut infliger {{une amende administrative}}.;amende administrative|une amende administrative;une amende administrative;une amende administrative|Une peine d’emprisonnement automatique|Une licence de droit d’auteur obligatoire|Un transfert forcé vers Google Search
Droit des contrats informatiques;Chapitre 3 - La responsabilité des hébergeurs de contenu;Quels effets généraux du DSA sont mis en avant dans la conclusion ?;Moderniser les règles, harmoniser les pratiques et renforcer la protection des utilisateurs et les droits fondamentaux;Supprimer les règles, fragmenter les pratiques et réduire les droits fondamentaux;Remplacer le droit d’auteur, abolir les plateformes et limiter les plaintes;Créer des licences privées, supprimer la transparence et bloquer les chercheurs;Trois effets généraux sont listés.;La conclusion indique que le DSA modernise les règles de responsabilité, harmonise les pratiques dans l’UE et renforce la protection des utilisateurs et des droits fondamentaux.;3;avancé;conclusion|dsa|droits-fondamentaux;Chapitre 3 - p. 33;Le DSA {{modernise les règles, harmonise les pratiques et renforce la protection des utilisateurs et les droits fondamentaux}}.;modernise les règles, harmonise les pratiques et renforce la protection des utilisateurs et les droits fondamentaux;modernise les règles, harmonise les pratiques et renforce la protection des utilisateurs et les droits fondamentaux;modernise les règles, harmonise les pratiques et renforce la protection des utilisateurs et les droits fondamentaux|Supprimer les règles, fragmenter les pratiques et réduire les droits fondamentaux|Remplacer le droit d’auteur, abolir les plateformes et limiter les plaintes|Créer des licences privées, supprimer la transparence et bloquer les chercheurs
Droit des contrats informatiques;Chapitre 3 - La responsabilité des hébergeurs de contenu;Quel pilier du DSA repose sur des obligations différenciées selon le rôle et la taille du prestataire ?;La clarté juridique;La transparence algorithmique;La supervision renforcée;La protection des utilisateurs;-;Dans les piliers du DSA, la clarté juridique correspond à des obligations différenciées selon le rôle et la taille du prestataire.;1;facile;conclusion|dsa|clarte-juridique;Chapitre 3 - p. 33;La clarté juridique signifie des obligations différenciées selon {{le rôle et la taille du prestataire}}.;rôle et taille du prestataire|le rôle et la taille du prestataire;le rôle et la taille du prestataire;le rôle et la taille du prestataire|La transparence algorithmique|La supervision renforcée|La protection des utilisateurs
Droit des contrats informatiques;Chapitre 3 - La responsabilité des hébergeurs de contenu;Que couvre le pilier de transparence du DSA ?;Les algorithmes, décisions de modération et publicités;Les licences, cessions de droits et contrats d’auteur;Les transmissions réseau, caches et destinataires;Les tribunaux, actions civiles et contrats de presse;-;La conclusion associe la transparence à l’obligation de rendre compte des algorithmes, décisions de modération et publicités.;1;facile;conclusion|dsa|transparence;Chapitre 3 - p. 33;La transparence oblige à rendre compte des {{algorithmes, décisions de modération et publicités}}.;algorithmes, décisions de modération et publicités;algorithmes, décisions de modération et publicités;algorithmes, décisions de modération et publicités|Les licences, cessions de droits et contrats d’auteur|Les transmissions réseau, caches et destinataires|Les tribunaux, actions civiles et contrats de presse
Droit des contrats informatiques;Chapitre 3 - La responsabilité des hébergeurs de contenu;Quels éléments composent la protection des utilisateurs dans les piliers du DSA ?;Recours internes, droit à un traitement équitable et accès au règlement extrajudiciaire;Licence obligatoire, filtrage généralisé et cession automatique des droits;Absence de notification, suppression automatique et secret des décisions;Transmission technique, sélection du destinataire et modification des données;Regarde le pilier “Protection des utilisateurs”.;Le pilier de protection des utilisateurs comprend les recours internes, le droit à un traitement équitable et l’accès au règlement extrajudiciaire.;2;moyen;conclusion|dsa|protection-utilisateurs;Chapitre 3 - p. 33;La protection des utilisateurs comprend {{recours internes, droit à un traitement équitable et accès au règlement extrajudiciaire}}.;recours internes, droit à un traitement équitable et accès au règlement extrajudiciaire;recours internes, droit à un traitement équitable et accès au règlement extrajudiciaire;recours internes, droit à un traitement équitable et accès au règlement extrajudiciaire|Licence obligatoire, filtrage généralisé et cession automatique des droits|Absence de notification, suppression automatique et secret des décisions|Transmission technique, sélection du destinataire et modification des données
Droit des contrats informatiques;Chapitre 3 - La responsabilité des hébergeurs de contenu;Sur quoi repose la supervision renforcée prévue par le DSA ?;La Commission européenne pour les très grandes plateformes et les autorités nationales comme l’IBPT;Les titulaires de droits pour les plateformes et les éditeurs de presse pour les moteurs;Les utilisateurs finaux pour les contenus et les annonceurs pour les algorithmes;Les fournisseurs d’accès pour les VLOPs et les prestataires de cache pour les VLOSEs;Pense au duo européen et national.;La conclusion cite la Commission européenne pour les très grandes plateformes et les autorités nationales, comme l’IBPT en Belgique.;2;moyen;conclusion|dsa|supervision;Chapitre 3 - p. 33;La supervision renforcée repose sur {{la Commission européenne et les autorités nationales comme l’IBPT}}.;Commission européenne et autorités nationales comme l’IBPT|Commission européenne + IBPT;la Commission européenne et les autorités nationales comme l’IBPT;la Commission européenne et les autorités nationales comme l’IBPT|Les titulaires de droits pour les plateformes et les éditeurs de presse pour les moteurs|Les utilisateurs finaux pour les contenus et les annonceurs pour les algorithmes|Les fournisseurs d’accès pour les VLOPs et les prestataires de cache pour les VLOSEs
Droit des contrats informatiques;Chapitre 3 - La responsabilité des hébergeurs de contenu;Quelle différence essentielle existe entre mere conduit et hosting ?;Le mere conduit transmet techniquement des données, tandis que le hosting stocke des contenus à la demande de l’utilisateur;Le mere conduit stocke durablement les contenus, tandis que le hosting transmet seulement des données;Le mere conduit concerne les VLOPs, tandis que le hosting concerne uniquement les auteurs;Le mere conduit impose des plaintes internes, tandis que le hosting impose des audits externes;Compare la fonction technique de chaque service.;Le mere conduit est une transmission purement technique, alors que l’hébergement implique le stockage de contenus demandés par l’utilisateur.;3;avancé;comparaison|mere-conduit|hosting;Chapitre 3 - p. 16-18;Le mere conduit transmet techniquement des données, tandis que le hosting {{stocke des contenus à la demande de l’utilisateur}}.;stocke des contenus à la demande de l’utilisateur|stockage de contenus à la demande de l’utilisateur;stocke des contenus à la demande de l’utilisateur;stocke des contenus à la demande de l’utilisateur|Le mere conduit stocke durablement les contenus, tandis que le hosting transmet seulement des données|Le mere conduit concerne les VLOPs, tandis que le hosting concerne uniquement les auteurs|Le mere conduit impose des plaintes internes, tandis que le hosting impose des audits externes
Droit des contrats informatiques;Chapitre 3 - La responsabilité des hébergeurs de contenu;Quelle différence essentielle existe entre caching et hosting ?;Le caching est temporaire et vise l’optimisation de transmission, tandis que le hosting stocke des contenus à la demande de l’utilisateur;Le caching diffuse publiquement les contenus, tandis que le hosting ne stocke jamais de données;Le caching concerne les plateformes sociales, tandis que le hosting concerne uniquement les moteurs;Le caching impose des audits externes, tandis que le hosting impose la rémunération équitable;Compare la durée et la finalité du stockage.;Le caching correspond à un stockage automatique et temporaire pour optimiser la transmission, alors que le hosting stocke le contenu à la demande de l’utilisateur.;3;avancé;comparaison|caching|hosting;Chapitre 3 - p. 17-18;Le caching est temporaire et vise l’optimisation, tandis que le hosting {{stocke des contenus à la demande de l’utilisateur}}.;stocke des contenus à la demande de l’utilisateur|stockage à la demande de l’utilisateur;stocke des contenus à la demande de l’utilisateur;stocke des contenus à la demande de l’utilisateur|Le caching diffuse publiquement les contenus, tandis que le hosting ne stocke jamais de données|Le caching concerne les plateformes sociales, tandis que le hosting concerne uniquement les moteurs|Le caching impose des audits externes, tandis que le hosting impose la rémunération équitable
Droit des contrats informatiques;Chapitre 3 - La responsabilité des hébergeurs de contenu;Quel est le lien entre connaissance effective et notice and action ?;Une notification correcte peut donner connaissance effective et déclencher l’obligation d’agir promptement;Une notification correcte supprime toujours toute connaissance effective;La connaissance effective existe seulement avant toute notification;Le notice and action ne concerne jamais l’hébergeur;Relie l’article 6 DSA à la procédure de signalement.;L’hébergeur est protégé tant qu’il n’a pas connaissance effective, mais une notification correcte via notice and action déclenche son devoir de retrait ou d’inaccessibilité.;3;avancé;dsa|connaissance-effective|notice-and-action|hosting;Chapitre 3 - p. 18-19;Une notification correcte peut donner {{connaissance effective}} et déclencher l’obligation d’agir.;connaissance effective|la connaissance effective;connaissance effective;connaissance effective|Une notification correcte supprime toujours toute connaissance effective|La connaissance effective existe seulement avant toute notification|Le notice and action ne concerne jamais l’hébergeur
Droit des contrats informatiques;Chapitre 3 - La responsabilité des hébergeurs de contenu;Pourquoi le DSA ne se limite-t-il pas au droit d’auteur ?;Parce qu’il s’applique à tout contenu illicite ou problématique et régule les plateformes plus largement;Parce qu’il remplace le droit d’auteur par un système uniquement contractuel;Parce qu’il concerne seulement les contenus protégés et les licences d’auteur;Parce qu’il ne vise que la rémunération des créateurs par les agrégateurs;Compare le DSA avec la directive 2019/790.;Contrairement à la directive 2019/790, spécifique au droit d’auteur, le DSA constitue un cadre général applicable à tout contenu illicite ou problématique.;3;avancé;comparaison|dsa|droit-auteur;Chapitre 3 - p. 10;Le DSA ne se limite pas au droit d’auteur car il s’applique à {{tout contenu illicite ou problématique}}.;tout contenu illicite ou problématique|contenu illicite ou problématique;tout contenu illicite ou problématique;tout contenu illicite ou problématique|Parce qu’il remplace le droit d’auteur par un système uniquement contractuel|Parce qu’il concerne seulement les contenus protégés et les licences d’auteur|Parce qu’il ne vise que la rémunération des créateurs par les agrégateurs
Droit des contrats informatiques;Chapitre 3 - La responsabilité des hébergeurs de contenu;Quelle logique commune relie la DMCA, la directive e-commerce et le DSA ?;Une responsabilité limitée conditionnée par l’absence de connaissance et une réaction rapide après notification;Une responsabilité automatique de tous les intermédiaires dès la mise en ligne du contenu;Une absence totale de responsabilité même après notification claire et valable;Une rémunération obligatoire des plateformes par les titulaires de droits;Pense à la logique safe harbor.;La DMCA inspire le modèle européen : les prestataires bénéficient d’une responsabilité limitée s’ils n’ont pas connaissance du contenu illicite et agissent promptement après notification.;3;avancé;dmca|directive-ecommerce|dsa|safe-harbor;Chapitre 3 - p. 3-4 et p. 14;La logique commune est une responsabilité limitée conditionnée par {{l’absence de connaissance et une réaction rapide après notification}}.;absence de connaissance et réaction rapide après notification|pas de connaissance et action prompte après notification;l’absence de connaissance et une réaction rapide après notification;l’absence de connaissance et une réaction rapide après notification|Une responsabilité automatique de tous les intermédiaires dès la mise en ligne du contenu|Une absence totale de responsabilité même après notification claire et valable|Une rémunération obligatoire des plateformes par les titulaires de droits
